conversation_id	timestamp	sender_id	message_text
KONV-CTX-KIRANA-0701-BICARA	2026-07-01T17:02:07+07:00	AKT-KIRANA	Aku baca lagi chat pagi. Aku masih kesal.
KONV-CTX-KIRANA-0701-BICARA	2026-07-01T17:04:26+07:00	AKT-RAKA	Aku tahu. Aku juga nggak mau bertengkar lewat layar.
KONV-CTX-KIRANA-0701-BICARA	2026-07-01T17:09:45+07:00	AKT-KIRANA	Aku bukan minta kamu jawab sekarang. Cuma bilang perasaanku.
KONV-CTX-KIRANA-0701-BICARA	2026-07-01T17:12:11+07:00	AKT-RAKA	Ya, aku dengar.
KONV-CTX-KIRANA-0701-BICARA	2026-07-01T17:19:30+07:00	AKT-KIRANA	Kalau nanti kita bicara, jangan potong kalimatku.
KONV-CTX-KIRANA-0701-BICARA	2026-07-01T17:20:49+07:00	AKT-RAKA	Aku akan coba dengar sampai selesai.
KONV-CTX-KIRANA-0701-BICARA	2026-07-01T17:24:15+07:00	AKT-KIRANA	Aku taruh HP sebentar. Mau cari udara.
KONV-CTX-KIRANA-0701-BICARA	2026-07-01T17:30:34+07:00	AKT-RAKA	Kalau keluar, bawa HP. Nanti gampang menghubungi.
KONV-CTX-KIRANA-0701-BICARA	2026-07-01T17:32:00+07:00	AKT-KIRANA	Aku cuma di dekat pintu, nggak pergi jauh.
KONV-CTX-REZA-0702-IBU	2026-07-02T10:37:07+07:00	AKT-REZA	Ibu menelepon pas aku mandi. Ada tiga panggilan.
KONV-CTX-REZA-0702-IBU	2026-07-02T10:39:26+07:00	AKT-RAKA	Kamu sudah balas?
KONV-CTX-REZA-0702-IBU	2026-07-02T10:44:45+07:00	AKT-REZA	Aku kirim pesan. Katanya cuma mau tanya kabar.
KONV-CTX-REZA-0702-IBU	2026-07-02T10:47:11+07:00	AKT-RAKA	Telepon kalau kamu sempat, supaya beliau nggak khawatir.
KONV-CTX-REZA-0702-IBU	2026-07-02T10:54:30+07:00	AKT-REZA	Aku mau makan dulu. Tadi sabunnya masih di rambut waktu dengar bunyi.
KONV-CTX-REZA-0702-IBU	2026-07-02T10:55:49+07:00	AKT-RAKA	Jangan angkat HP dengan tangan basah.
KONV-CTX-REZA-0702-IBU	2026-07-02T10:59:15+07:00	AKT-REZA	Nggak kuangkat. Aku cuma lihat layar dari jauh.
KONV-CTX-REZA-0702-IBU	2026-07-02T11:05:34+07:00	AKT-RAKA	Oke. Kabari beliau setelah kamu duduk tenang.
KONV-CTX-REZA-0702-IBU	2026-07-02T11:07:00+07:00	AKT-REZA	Iya. Aku nggak mau kedengarannya terburu-buru.
KONV-CTX-DINI-0703-DUDUK	2026-07-03T15:27:07+07:00	AKT-DINI	Kamu dari tadi jalan terus. Mau duduk sebentar?
KONV-CTX-DINI-0703-DUDUK	2026-07-03T15:29:26+07:00	AKT-RAKA	Aku masih ada yang mau kuselesaikan.
KONV-CTX-DINI-0703-DUDUK	2026-07-03T15:34:45+07:00	AKT-DINI	Aku nggak minta kamu berhenti sejam.
KONV-CTX-DINI-0703-DUDUK	2026-07-03T15:37:11+07:00	AKT-RAKA	Aku tahu. Aku mau ambil air dulu.
KONV-CTX-DINI-0703-DUDUK	2026-07-03T15:44:30+07:00	AKT-DINI	Aku ada botol baru di tas, ambil kalau perlu.
KONV-CTX-DINI-0703-DUDUK	2026-07-03T15:45:49+07:00	AKT-RAKA	Punyamu nanti kurang.
KONV-CTX-DINI-0703-DUDUK	2026-07-03T15:49:15+07:00	AKT-DINI	Aku bawa dua. Yang kecil buat kamu.
KONV-CTX-DINI-0703-DUDUK	2026-07-03T15:55:34+07:00	AKT-RAKA	Oke, makasih. Aku duduk lima menit.
KONV-CTX-DINI-0703-DUDUK	2026-07-03T15:57:00+07:00	AKT-DINI	Lima menit juga lebih baik daripada terus mondar-mandir.
KONV-CTX-DINI-0703-DUDUK	2026-07-03T16:06:19+07:00	AKT-RAKA	Jangan pasang stopwatch ya.
KONV-CTX-TANIA-0704-CUACA	2026-07-04T11:44:07+07:00	AKT-TANIA	Dari tadi hujan kecil, nggak selesai-selesai.
KONV-CTX-TANIA-0704-CUACA	2026-07-04T11:46:26+07:00	AKT-RAKA	Masih di bawah atap?
KONV-CTX-TANIA-0704-CUACA	2026-07-04T11:51:45+07:00	AKT-TANIA	Iya. Aku nunggu reda sebelum jalan.
KONV-CTX-TANIA-0704-CUACA	2026-07-04T11:54:11+07:00	AKT-RAKA	Jangan keluar cuma karena terlihat tipis. Anginnya dingin.
KONV-CTX-TANIA-0704-CUACA	2026-07-04T12:01:30+07:00	AKT-TANIA	Aku pakai jaket, tapi kakiku tetap basah.
KONV-CTX-TANIA-0704-CUACA	2026-07-04T12:02:49+07:00	AKT-RAKA	Ganti kaus kaki kalau ada.
KONV-CTX-TANIA-0704-CUACA	2026-07-04T12:06:15+07:00	AKT-TANIA	Ada satu cadangan. Aku simpan untuk nanti.
KONV-CTX-TANIA-0704-CUACA	2026-07-04T12:12:34+07:00	AKT-RAKA	Oke, jangan sampai sepatunya tetap lembap seharian.
KONV-CTX-TANIA-0704-CUACA	2026-07-04T12:14:00+07:00	AKT-TANIA	Aku taruh kertas di dalamnya pas balik.
KONV-CTX-REZA-0705-SUARA	2026-07-05T18:03:07+07:00	AKT-REZA	Aku mengirim rekaman suara, tapi mikrofon ketutup.
KONV-CTX-REZA-0705-SUARA	2026-07-05T18:05:26+07:00	AKT-RAKA	Isinya cuma gesekan kain.
KONV-CTX-REZA-0705-SUARA	2026-07-05T18:10:45+07:00	AKT-REZA	Iya, maaf. Aku sudah hapus dari sisiku.
KONV-CTX-REZA-0705-SUARA	2026-07-05T18:13:11+07:00	AKT-RAKA	Di sini masih ada, tapi nggak masalah.
KONV-CTX-REZA-0705-SUARA	2026-07-05T18:20:30+07:00	AKT-REZA	Yang mau kubilang: aku belum dapat kabar dari orang itu.
KONV-CTX-REZA-0705-SUARA	2026-07-05T18:21:49+07:00	AKT-RAKA	Oke. Lain kali teks saja kalau tangan penuh.
KONV-CTX-REZA-0705-SUARA	2026-07-05T18:25:15+07:00	AKT-REZA	Iya. Aku kirim kalau sudah ada informasi yang jelas.
KONV-CTX-REZA-0705-SUARA	2026-07-05T18:31:34+07:00	AKT-RAKA	Baik, jangan tunggu aku menebak dari gesekan tas.
KONV-CTX-REZA-0705-SUARA	2026-07-05T18:33:00+07:00	AKT-REZA	Aku pun nggak bisa menebaknya kalau diputar ulang.
KONV-CTX-RENA-0706-LELAH	2026-07-06T00:17:07+07:00	AKT-RENA	Aku sudah rebahan tapi pikiranku masih muter.
KONV-CTX-RENA-0706-LELAH	2026-07-06T00:19:26+07:00	AKT-RAKA	Mau bicara atau mau tenang dulu?
KONV-CTX-RENA-0706-LELAH	2026-07-06T00:24:45+07:00	AKT-RENA	Tenang dulu. Aku cuma ingin bilang sudah di kamar.
KONV-CTX-RENA-0706-LELAH	2026-07-06T00:27:11+07:00	AKT-RAKA	Oke, aku baca. Jangan merasa harus balas cepat.
KONV-CTX-RENA-0706-LELAH	2026-07-06T00:34:30+07:00	AKT-RENA	Lampu kusisakan satu yang kecil.
KONV-CTX-RENA-0706-LELAH	2026-07-06T00:35:49+07:00	AKT-RAKA	Kalau kurang nyaman, matikan saja.
KONV-CTX-RENA-0706-LELAH	2026-07-06T00:39:15+07:00	AKT-RENA	Nanti. Aku mau minum air lalu coba tidur.
KONV-CTX-RENA-0706-LELAH	2026-07-06T00:45:34+07:00	AKT-RAKA	Selamat istirahat.
KONV-CTX-RENA-0706-LELAH	2026-07-06T00:47:00+07:00	AKT-RENA	Makasih. Aku mute notifikasi sebentar.
KONV-CTX-BAGAS-0707-WARUNG	2026-07-07T08:52:07+07:00	AKT-BAGAS	Warung yang biasa buka pagi masih tutup.
KONV-CTX-BAGAS-0707-WARUNG	2026-07-07T08:54:26+07:00	AKT-RAKA	Ada tulisan libur?
KONV-CTX-BAGAS-0707-WARUNG	2026-07-07T08:59:45+07:00	AKT-BAGAS	Nggak. Gemboknya masih terpasang.
KONV-CTX-BAGAS-0707-WARUNG	2026-07-07T09:02:11+07:00	AKT-RAKA	Mungkin pemiliknya terlambat.
KONV-CTX-BAGAS-0707-WARUNG	2026-07-07T09:09:30+07:00	AKT-BAGAS	Aku nggak menunggu, ada kedai kecil seberang.
KONV-CTX-BAGAS-0707-WARUNG	2026-07-07T09:10:49+07:00	AKT-RAKA	Kalau rasanya enak, kasih tahu.
KONV-CTX-BAGAS-0707-WARUNG	2026-07-07T09:14:15+07:00	AKT-BAGAS	Aku baru pesan teh. Makanannya belum keluar.
KONV-CTX-BAGAS-0707-WARUNG	2026-07-07T09:20:34+07:00	AKT-RAKA	Jangan ulas sebelum mencoba 😄
KONV-CTX-BAGAS-0707-WARUNG	2026-07-07T09:22:00+07:00	AKT-BAGAS	Tehnya lumayan. Aku kabari kalau nasinya datang.
KONV-CTX-KIRANA-0708-PILIH	2026-07-08T14:28:07+07:00	AKT-KIRANA	Aku butuh waktu sendiri, bukan berarti aku marah lagi.
KONV-CTX-KIRANA-0708-PILIH	2026-07-08T14:30:26+07:00	AKT-RAKA	Aku nggak bilang kamu marah.
KONV-CTX-KIRANA-0708-PILIH	2026-07-08T14:35:45+07:00	AKT-KIRANA	Kemarin tiap aku diam kamu tanya berkali-kali.
KONV-CTX-KIRANA-0708-PILIH	2026-07-08T14:38:11+07:00	AKT-RAKA	Aku khawatir kalau tiba-tiba nggak bisa menghubungi.
KONV-CTX-KIRANA-0708-PILIH	2026-07-08T14:45:30+07:00	AKT-KIRANA	Aku akan kirim pesan pendek kalau perlu pergi dari ruangan.
KONV-CTX-KIRANA-0708-PILIH	2026-07-08T14:46:49+07:00	AKT-RAKA	Oke. Aku cukup dengan itu.
KONV-CTX-KIRANA-0708-PILIH	2026-07-08T14:50:15+07:00	AKT-KIRANA	Sekarang aku masih di sini, cuma mau baca sesuatu.
KONV-CTX-KIRANA-0708-PILIH	2026-07-08T14:56:34+07:00	AKT-RAKA	Ya. Aku nggak mengganggu dulu.
KONV-CTX-KIRANA-0708-PILIH	2026-07-08T14:58:00+07:00	AKT-KIRANA	Terima kasih.
KONV-CTX-DINI-0709-CERITA	2026-07-09T21:51:07+07:00	AKT-DINI	Aku tadi menemukan foto lama di galeri, waktu hujan besar.
KONV-CTX-DINI-0709-CERITA	2026-07-09T21:53:26+07:00	AKT-RAKA	Yang jalan depan sampai seperti sungai?
KONV-CTX-DINI-0709-CERITA	2026-07-09T21:58:45+07:00	AKT-DINI	Iya, tapi yang kupikir justru payungmu kebalik.
KONV-CTX-DINI-0709-CERITA	2026-07-09T22:01:11+07:00	AKT-RAKA	Aku ingat. Aku lari sambil tertawa, kamu marah.
KONV-CTX-DINI-0709-CERITA	2026-07-09T22:08:30+07:00	AKT-DINI	Aku nggak marah, aku basah kuyup.
KONV-CTX-DINI-0709-CERITA	2026-07-09T22:09:49+07:00	AKT-RAKA	Mukamu waktu itu bilang lain.
KONV-CTX-DINI-0709-CERITA	2026-07-09T22:13:15+07:00	AKT-DINI	Kamu masih punya fotonya?
KONV-CTX-DINI-0709-CERITA	2026-07-09T22:19:34+07:00	AKT-RAKA	Mungkin di HP lama. Aku cari kalau senggang.
KONV-CTX-DINI-0709-CERITA	2026-07-09T22:21:00+07:00	AKT-DINI	Nggak usah sekarang. Aku cuma teringat tadi.
KONV-CTX-DINI-0709-CERITA	2026-07-09T22:30:19+07:00	AKT-RAKA	Oke, ceritanya cukup buat malam ini.
KONV-CTX-REZA-0710-PILIHMAKAN	2026-07-10T19:14:07+07:00	AKT-REZA	Aku mau pesan makan, tapi semua foto menunya mirip.
KONV-CTX-REZA-0710-PILIHMAKAN	2026-07-10T19:16:26+07:00	AKT-RAKA	Baca keterangannya, jangan percaya foto saja.
KONV-CTX-REZA-0710-PILIHMAKAN	2026-07-10T19:21:45+07:00	AKT-REZA	Satu pedas, satu tidak. Itu saja bedanya.
KONV-CTX-REZA-0710-PILIHMAKAN	2026-07-10T19:24:11+07:00	AKT-RAKA	Kalau perutmu belum enak, pilih yang tidak pedas.
KONV-CTX-REZA-0710-PILIHMAKAN	2026-07-10T19:31:30+07:00	AKT-REZA	Aku baik-baik saja, cuma lapar.
KONV-CTX-REZA-0710-PILIHMAKAN	2026-07-10T19:32:49+07:00	AKT-RAKA	Kalau begitu pilih yang sampai lebih cepat.
KONV-CTX-REZA-0710-PILIHMAKAN	2026-07-10T19:36:15+07:00	AKT-REZA	Yang pedas justru estimasinya lebih lambat.
KONV-CTX-REZA-0710-PILIHMAKAN	2026-07-10T19:42:34+07:00	AKT-RAKA	Nah, masalahmu selesai.
KONV-CTX-REZA-0710-PILIHMAKAN	2026-07-10T19:44:00+07:00	AKT-REZA	Aku pesan yang biasa. Kalau hambar aku tambah sambal sendiri.
KONV-CTX-REZA-0710-PILIHMAKAN	2026-07-10T19:53:19+07:00	AKT-RAKA	Jangan bilang aplikasinya menipu setelah itu.
KONV-CTX-TANIA-0711-BATAS	2026-07-11T11:49:07+07:00	AKT-TANIA	Aku ingin menelepon tapi orang di sebelahku lagi tidur.
KONV-CTX-TANIA-0711-BATAS	2026-07-11T11:51:26+07:00	AKT-RAKA	Kalau nggak mendesak, tulis saja.
KONV-CTX-TANIA-0711-BATAS	2026-07-11T11:56:45+07:00	AKT-TANIA	Aku belum tahu cara menjelaskan pendek.
KONV-CTX-TANIA-0711-BATAS	2026-07-11T11:59:11+07:00	AKT-RAKA	Tulis yang paling penting dulu. Sisanya nanti.
KONV-CTX-TANIA-0711-BATAS	2026-07-11T12:06:30+07:00	AKT-TANIA	Yang penting aku ingin kamu dengar aku.
KONV-CTX-TANIA-0711-BATAS	2026-07-11T12:07:49+07:00	AKT-RAKA	Aku baca. Nanti kalau bisa telepon, kita bicara.
KONV-CTX-TANIA-0711-BATAS	2026-07-11T12:11:15+07:00	AKT-TANIA	Aku nggak mau menangis di tengah orang.
KONV-CTX-TANIA-0711-BATAS	2026-07-11T12:17:34+07:00	AKT-RAKA	Kamu boleh ambil waktu. Jangan paksa dirimu sekarang.
KONV-CTX-TANIA-0711-BATAS	2026-07-11T12:19:00+07:00	AKT-TANIA	Oke. Aku simpan pesannya dulu, nanti kirim kalau siap.
KONV-CTX-DINI-0712-GELAS	2026-07-12T15:06:07+07:00	AKT-DINI	Aku beli gelas plastik yang tutupnya rapat banget.
KONV-CTX-DINI-0712-GELAS	2026-07-12T15:08:26+07:00	AKT-RAKA	Bagus dong, nggak mudah tumpah.
KONV-CTX-DINI-0712-GELAS	2026-07-12T15:13:45+07:00	AKT-DINI	Bagus sampai aku mau minum. Tutupnya susah dicopot.
KONV-CTX-DINI-0712-GELAS	2026-07-12T15:16:11+07:00	AKT-RAKA	Putar sedikit, jangan tarik lurus.
KONV-CTX-DINI-0712-GELAS	2026-07-12T15:23:30+07:00	AKT-DINI	Sudah. Ada bunyi 'pop' kencang sekali.
KONV-CTX-DINI-0712-GELAS	2026-07-12T15:24:49+07:00	AKT-RAKA	Isinya muncrat?
KONV-CTX-DINI-0712-GELAS	2026-07-12T15:28:15+07:00	AKT-DINI	Nggak, cuma orang dekatku menoleh.
KONV-CTX-DINI-0712-GELAS	2026-07-12T15:34:34+07:00	AKT-RAKA	Bilang saja itu efek suara minuman baru.
KONV-CTX-DINI-0712-GELAS	2026-07-12T15:36:00+07:00	AKT-DINI	Aku pura-pura nggak dengar bunyinya.
KONV-CTX-DINI-0712-GELAS	2026-07-12T15:45:19+07:00	AKT-RAKA	Pura-puramu kurang meyakinkan lewat chat.
KONV-CTX-REZA-0713-LANGIT	2026-07-13T22:54:07+07:00	AKT-REZA	Aku lihat satu bintang terang, lainnya nggak kelihatan.
KONV-CTX-REZA-0713-LANGIT	2026-07-13T22:56:26+07:00	AKT-RAKA	Mungkin planet. Lampu kota terlalu terang.
KONV-CTX-REZA-0713-LANGIT	2026-07-13T23:01:45+07:00	AKT-REZA	Aku nggak tahu bedanya dari sini.
KONV-CTX-REZA-0713-LANGIT	2026-07-13T23:04:11+07:00	AKT-RAKA	Aku juga nggak. Jangan minta ramalan langit dariku.
KONV-CTX-REZA-0713-LANGIT	2026-07-13T23:11:30+07:00	AKT-REZA	Aku cuma bilang bagus. Nggak minta pelajaran.
KONV-CTX-REZA-0713-LANGIT	2026-07-13T23:12:49+07:00	AKT-RAKA	Oke, aku ikut lihat dari jendela.
KONV-CTX-REZA-0713-LANGIT	2026-07-13T23:16:15+07:00	AKT-REZA	Jangan cari arahku, kita nggak di tempat sama.
KONV-CTX-REZA-0713-LANGIT	2026-07-13T23:22:34+07:00	AKT-RAKA	Aku tahu. Di sini malah tertutup awan.
KONV-CTX-REZA-0713-LANGIT	2026-07-13T23:24:00+07:00	AKT-REZA	Kalau nanti cerah, mungkin kamu lihat juga.
KONV-CTX-RENA-0706-LELAH	2026-07-06T01:08:14+07:00	AKT-RENA	Aku masih bangun, tapi tidak akan lama-lama pegang HP.
KONV-CTX-BAGAS-0707-WARUNG	2026-07-07T09:43:14+07:00	AKT-BAGAS	Nasiku datang. Sambalnya kebanyakan, tapi enak.
