conversation_id	timestamp	sender_id	message_text
KONV-DST-DINI-0701	2026-07-01T16:04:13+07:00	AKT-DINI	HP-ku mengubah kata 'kardus' jadi 'kaktus' lagi.
KONV-DST-DINI-0701	2026-07-01T16:04:48+07:00	AKT-DINI	Aku jadi nanya orang mau buang kaktus dari gudang.
KONV-DST-DINI-0701	2026-07-01T16:09:16+07:00	AKT-RAKA	Haha, orangnya jawab apa?
KONV-DST-DINI-0701	2026-07-01T16:12:37+07:00	AKT-DINI	Dia nanya sejak kapan kita punya tanaman berduri.
KONV-DST-DINI-0701	2026-07-01T16:16:02+07:00	AKT-RAKA	Jelaskan sebelum dia beli sarung tangan.
KONV-DST-DINI-0701	2026-07-01T16:19:45+07:00	AKT-DINI	Sudah kukoreksi. Malunya belakangan.
KONV-DST-DINI-0701	2026-07-01T16:24:13+07:00	AKT-DINI	Mungkin keyboard ini perlu diajar ulang.
KONV-DST-DINI-0701	2026-07-01T16:28:07+07:00	AKT-RAKA	Atau kamu sering ngetik kaktus diam-diam.
KONV-DST-DINI-0701	2026-07-01T16:32:54+07:00	AKT-DINI	Nggak. Aku bahkan nggak suka kena duri.
KONV-DST-DINI-0701	2026-07-01T16:37:26+07:00	AKT-RAKA	Baiklah, kardusnya tetap kardus.
KONV-DST-CACA-0704	2026-07-04T11:04:19+07:00	AKT-CACA	Tadi kucing belang duduk di atas sandalku lagi.
KONV-DST-CACA-0704	2026-07-04T11:06:33+07:00	AKT-CACA	Aku berdiri nunggu dia minggir hampir lima menit.
KONV-DST-CACA-0704	2026-07-04T11:10:08+07:00	AKT-RAKA	Sandal satunya ditawarin nggak? Biar adil.
KONV-DST-CACA-0704	2026-07-04T11:13:42+07:00	AKT-CACA	Jangan, nanti dua-duanya ditempatin.
KONV-DST-CACA-0704	2026-07-04T11:17:25+07:00	AKT-RAKA	Dia mungkin cuma cari tempat hangat.
KONV-DST-CACA-0704	2026-07-04T11:20:59+07:00	AKT-CACA	Yang dipilih justru sandal basah sebelah kiri.
KONV-DST-CACA-0704	2026-07-04T11:25:14+07:00	AKT-CACA	Sekarang sudah pergi. Jejak kakinya masih ada.
KONV-DST-CACA-0704	2026-07-04T11:29:36+07:00	AKT-RAKA	Kalau begitu kamu resmi dipilih kucing itu.
KONV-DST-CACA-0704	2026-07-04T11:33:07+07:00	AKT-CACA	Tolong jangan kasih dia ide balik lagi 😭
KONV-DST-CACA-0704	2026-07-04T11:37:51+07:00	AKT-RAKA	Aku nggak kenal dia secara pribadi kok.
KONV-DST-REZA-0706	2026-07-06T15:02:13+07:00	AKT-REZA	Lagu yang dari radio tadi nempel terus di kepala.
KONV-DST-REZA-0706	2026-07-06T15:06:28+07:00	AKT-RAKA	Yang nadanya naik di ujung? Aku juga dengar.
KONV-DST-REZA-0706	2026-07-06T15:09:54+07:00	AKT-REZA	Iya. Liriknya lupa, cuma 'la la' doang.
KONV-DST-REZA-0706	2026-07-06T15:13:22+07:00	AKT-RAKA	Jangan kirim rekaman humming, nanti aku ikutan.
KONV-DST-REZA-0706	2026-07-06T15:16:47+07:00	AKT-REZA	Terlambat, tadi aku sudah nyanyi sendiri di mobil.
KONV-DST-REZA-0706	2026-07-06T15:20:09+07:00	AKT-REZA	Kayaknya orang di lampu merah sebelah dengar.
KONV-DST-REZA-0706	2026-07-06T15:24:38+07:00	AKT-RAKA	Semoga dia tahu judulnya dan nggak menilai kamu.
KONV-DST-REZA-0706	2026-07-06T15:29:05+07:00	AKT-REZA	Dia cuma lihat sekali terus jalan.
KONV-DST-REZA-0706	2026-07-06T15:32:51+07:00	AKT-RAKA	Kasus ditutup. Jangan nyanyi pas berhenti lagi.
KONV-DST-REZA-0706	2026-07-06T15:37:14+07:00	AKT-REZA	Nggak janji. Melodinya masih muter.
KONV-DST-DINI-0708	2026-07-08T18:03:17+07:00	AKT-DINI	Teka-teki di bungkus makanan ini bikin kesel.
KONV-DST-DINI-0708	2026-07-08T18:06:42+07:00	AKT-RAKA	Apa pertanyaannya? Jangan kasih jawabannya dulu.
KONV-DST-DINI-0708	2026-07-08T18:09:55+07:00	AKT-DINI	Ada lima kotak, petunjuknya 'tidak basah'.
KONV-DST-DINI-0708	2026-07-08T18:13:21+07:00	AKT-RAKA	Kering? Enam huruf, berarti bukan.
KONV-DST-DINI-0708	2026-07-08T18:16:38+07:00	AKT-DINI	Aku juga mikir itu. Mungkin salah cetak kotaknya.
KONV-DST-DINI-0708	2026-07-08T18:20:04+07:00	AKT-RAKA	Coba lihat apakah ada kotak keenam lipat di ujung.
KONV-DST-DINI-0708	2026-07-08T18:23:49+07:00	AKT-DINI	HAHA iya, ketutupan bekas lem. Ada enam.
KONV-DST-DINI-0708	2026-07-08T18:27:15+07:00	AKT-RAKA	Teka-tekinya soal bungkus, bukan katanya.
KONV-DST-DINI-0708	2026-07-08T18:30:52+07:00	AKT-DINI	Sudah kutulis kering. Menang tipis.
KONV-DST-DINI-0708	2026-07-08T18:34:39+07:00	AKT-RAKA	Besok cari yang lebih susah sedikit.
KONV-DST-CACA-0711	2026-07-11T16:04:28+07:00	AKT-CACA	Kucing yang dekat pagar itu sekarang bawa daun.
KONV-DST-CACA-0711	2026-07-11T16:07:13+07:00	AKT-CACA	Ditahan di mulutnya, serius.
KONV-DST-CACA-0711	2026-07-11T16:11:49+07:00	AKT-RAKA	Mungkin dia nyoba jadi tukang kebun.
KONV-DST-CACA-0711	2026-07-11T16:15:20+07:00	AKT-CACA	Dia taruh daunnya di depan pintu, habis itu kabur.
KONV-DST-CACA-0711	2026-07-11T16:18:57+07:00	AKT-RAKA	Hadiah buat kamu karena sandalnya dipinjam kemarin.
KONV-DST-CACA-0711	2026-07-11T16:23:31+07:00	AKT-CACA	Itu beberapa hari lalu, masa masih ingat.
KONV-DST-CACA-0711	2026-07-11T16:27:06+07:00	AKT-RAKA	Aku yang ingat. Dia mungkin nggak.
KONV-DST-CACA-0711	2026-07-11T16:31:42+07:00	AKT-CACA	Aku buang daunnya dulu, jangan sampai masuk angin.
KONV-DST-CACA-0711	2026-07-11T16:36:18+07:00	AKT-RAKA	Daunnya yang masuk angin?
KONV-DST-CACA-0711	2026-07-11T16:40:53+07:00	AKT-CACA	Maksudku masuk kebawa angin ke kamar. Autocorrect lagi.
KONV-DST-REZA-0713	2026-07-13T14:02:22+07:00	AKT-REZA	Kaus kaki kiriku motif garis, kanannya polos. Baru sadar.
KONV-DST-REZA-0713	2026-07-13T14:06:03+07:00	AKT-RAKA	Kalau sepatunya tertutup nggak ada yang lihat.
KONV-DST-REZA-0713	2026-07-13T14:09:47+07:00	AKT-REZA	Tapi aku sendiri tahu. Jadi aneh rasanya.
KONV-DST-REZA-0713	2026-07-13T14:13:12+07:00	AKT-RAKA	Anggap saja penanda kiri dan kanan.
KONV-DST-REZA-0713	2026-07-13T14:16:51+07:00	AKT-REZA	Itu malah bikin aku terus lihat kaki.
KONV-DST-REZA-0713	2026-07-13T14:20:38+07:00	AKT-REZA	Aku cari pasangannya nanti kalau balik.
KONV-DST-REZA-0713	2026-07-13T14:24:16+07:00	AKT-RAKA	Jangan berhenti cuma buat kaus kaki.
KONV-DST-REZA-0713	2026-07-13T14:28:47+07:00	AKT-REZA	Tenang, sepatunya kupakai terus.
KONV-DST-REZA-0713	2026-07-13T14:32:09+07:00	AKT-RAKA	Masalah besar hari ini selesai berarti.
KONV-DST-REZA-0713	2026-07-13T14:35:51+07:00	AKT-REZA	Jangan nyindir wkwk.
KONV-DST-DINI-0716	2026-07-16T15:06:14+07:00	AKT-DINI	Stiker ikan di HP-mu masih nempel, ternyata.
KONV-DST-DINI-0716	2026-07-16T15:09:57+07:00	AKT-RAKA	Sudah dua minggu? Aku kira lepas sendiri.
KONV-DST-DINI-0716	2026-07-16T15:13:32+07:00	AKT-DINI	Pojoknya terangkat sedikit tapi gambarnya masih jelas.
KONV-DST-DINI-0716	2026-07-16T15:17:04+07:00	AKT-RAKA	Jangan ditekan keras, casing-nya sudah retak.
KONV-DST-DINI-0716	2026-07-16T15:20:48+07:00	AKT-DINI	Aku cuma lihat, nggak kusentuh.
KONV-DST-DINI-0716	2026-07-16T15:24:23+07:00	AKT-RAKA	Kalau lepas, taruh di buku catatan aja.
KONV-DST-DINI-0716	2026-07-16T15:27:59+07:00	AKT-DINI	Ngapain stiker bekas disimpan?
KONV-DST-DINI-0716	2026-07-16T15:31:31+07:00	AKT-RAKA	Biar kamu nggak bilang aku buang penanda HP.
KONV-DST-DINI-0716	2026-07-16T15:35:16+07:00	AKT-DINI	Aku nggak seobsesif itu sama ikan oranye 😂
KONV-DST-DINI-0716	2026-07-16T15:39:42+07:00	AKT-RAKA	Simpan chat ini sebagai bukti.
KONV-DST-CACA-0718	2026-07-18T13:01:08+07:00	AKT-CACA	Foto makanan yang kukirim tadi kok gelap banget.
KONV-DST-CACA-0718	2026-07-18T13:04:41+07:00	AKT-RAKA	Jendelanya di belakang piring, kamera lawan cahaya.
KONV-DST-CACA-0718	2026-07-18T13:08:16+07:00	AKT-CACA	Aku geser piringnya, malah sendoknya jatuh.
KONV-DST-CACA-0718	2026-07-18T13:11:52+07:00	AKT-RAKA	Jangan demi foto sampai makanannya dingin.
KONV-DST-CACA-0718	2026-07-18T13:15:27+07:00	AKT-CACA	Satu lagi aja, kali ini dari samping.
KONV-DST-CACA-0718	2026-07-18T13:19:03+07:00	AKT-CACA	Nah, lebih jelas. Tapi sausnya jadi kelihatan belepotan.
KONV-DST-CACA-0718	2026-07-18T13:22:46+07:00	AKT-RAKA	Itu malah kelihatan dimakan manusia beneran.
KONV-DST-CACA-0718	2026-07-18T13:26:18+07:00	AKT-CACA	Aku hapus foto pertama. Yang kedua kusimpan.
KONV-DST-CACA-0718	2026-07-18T13:29:55+07:00	AKT-RAKA	Sekarang makan, kameranya istirahat.
KONV-DST-CACA-0718	2026-07-18T13:33:14+07:00	AKT-CACA	Iya, akhirnya. Sendoknya juga sudah kucuci.
KONV-DST-REZA-0720	2026-07-20T14:03:18+07:00	AKT-REZA	Aku kira radio bilang hujan, ternyata iklan minuman.
KONV-DST-REZA-0720	2026-07-20T14:06:52+07:00	AKT-RAKA	Jauh banget bedanya. Kamu kurang tidur?
KONV-DST-REZA-0720	2026-07-20T14:10:27+07:00	AKT-REZA	Pembawanya ngomong cepat. Ada bunyi air di belakang.
KONV-DST-REZA-0720	2026-07-20T14:14:01+07:00	AKT-RAKA	Iklan yang gelasnya bunyi es itu mungkin.
KONV-DST-REZA-0720	2026-07-20T14:17:36+07:00	AKT-REZA	Iya, itu. Aku sampai lihat langit dari jendela.
KONV-DST-REZA-0720	2026-07-20T14:21:12+07:00	AKT-RAKA	Kalau memang mendung, jangan salahin radionya.
KONV-DST-REZA-0720	2026-07-20T14:24:47+07:00	AKT-REZA	Langitnya terang, jadi jelas aku salah dengar.
KONV-DST-REZA-0720	2026-07-20T14:28:19+07:00	AKT-RAKA	Minum air dulu, baru dengar lagi pelan-pelan.
KONV-DST-REZA-0720	2026-07-20T14:31:58+07:00	AKT-REZA	Aku matikan radio sebentar. Lagunya ganti terus.
KONV-DST-REZA-0720	2026-07-20T14:35:41+07:00	AKT-RAKA	Ya, cukup salah dengar buat hari ini.
