message_id	message_text
ID-CTX-B-1275	Pintu lemari yang tadi seret sudah bisa ditutup?
ID-CTX-B-1276	Harusnya bisa, engsel bawahnya kugeser.
ID-CTX-B-1277	Aku cek sebentar.
ID-CTX-B-1278	Masih ada bunyi kecil pas ditarik.
ID-CTX-B-1279	Tapi nggak nyangkut lagi.
ID-CTX-B-1280	Oke. Jangan banting pintunya dulu.
ID-CTX-B-1281	Enggak. Aku ambil baju satu aja.
ID-CTX-B-1282	Nanti kucoba tutup pelan.
ID-CTX-B-1283	Kalau macet lagi, kabari.
ID-CTX-B-1917	Kaus kaki hitam yang baru dicuci mana?
ID-CTX-B-1918	Aku nggak ambil. Masih di jemuran mungkin.
ID-CTX-B-1919	Tadi jemurannya kosong.
ID-CTX-B-1920	Aku cek keranjang yang dekat pintu.
ID-CTX-B-1921	Ada kaus kaki, tapi cuma satu.
ID-CTX-B-1922	Yang satunya mungkin nyelip di handuk.
ID-CTX-B-1923	Benar, ujungnya kelihatan.
ID-CTX-B-1924	Dapat sepasang. Masih agak lembap.
ID-CTX-B-1925	Kutaruh dulu di dekat jendela.
ID-CTX-B-1926	Kalau mau pakai sekarang ada yang kering di rak.
ID-CTX-B-1927	Aku nggak buru-buru kok.
ID-CTX-B-1928	Yang basah biar kutinggal di situ.
ID-CTX-B-1929	Eh, pasangannya beda ukuran.
ID-CTX-B-1930	Coba cek yang di bawah handuk lagi.
ID-CTX-B-1931	Oh. Masih ada satu ternyata.
ID-CTX-B-2050	Air di termos masih hangat ternyata.
ID-CTX-B-2051	Tadi diisi jam berapa?
ID-CTX-B-2052	Pagi. Kupikir sudah dingin.
ID-CTX-B-2053	Mau kupakai seduh teh sebentar.
ID-CTX-B-2054	Boleh, jangan habiskan semua.
ID-CTX-B-2055	Cuma satu gelas.
ID-CTX-B-2056	Kamu sudah makan juga?
ID-CTX-B-2057	Sudah, tadi nasi sisa.
ID-CTX-B-2058	Aku belum. Nanti setelah mandi.
ID-CTX-B-2059	Gelasnya kutaruh di meja dulu.
ID-CTX-B-2060	Aku mandi bentar.
ID-CTX-B-2061	Eh, tutup termosnya masih terbuka.
ID-CTX-B-2062	Tutup dulu kalau mau keluar.
ID-CTX-B-2063	Sudah. Hampir lupa.
ID-CTX-B-2064	Tehnya belum kutuang juga ternyata.
ID-CTX-B-1820	Nota lama yang di buku itu ternyata masih ada.
ID-CTX-B-1821	Buat apa kamu cari?
ID-CTX-B-1822	Mau cocokkan tanggal pembelian barang.
ID-CTX-B-1823	Tintanya mulai pudar, susah dibaca.
ID-CTX-B-1824	Coba foto dekat jendela, cahayanya lebih terang.
ID-CTX-B-1825	Sebentar, kameraku lagi penuh.
ID-CTX-B-1826	Kamu sudah makan? Kalau belum nanti sekalian.
ID-CTX-B-1827	Udah. Nota itu taruh lagi di bukunya ya.
ID-CTX-B-1828	Iya, setelah kulihat tanggalnya.
ID-CTX-B-2874	Sisa gula sachet yang di kotak jangan dibuang dulu.
ID-CTX-B-2875	Nggak akan. Memang masih ada berapa?
ID-CTX-B-2876	Dua, kalau hitunganku benar.
ID-CTX-B-2877	Aku lihat nanti. Kotaknya masih di meja.
ID-CTX-B-2878	Besok pagi aku butuh satu buat teh.
ID-CTX-B-2879	Sekarang nggak usah diambil.
ID-CTX-B-2880	Tunggu, ada pesan masuk dari rumah.
ID-CTX-B-2881	Aku balas dulu.
ID-CTX-B-2882	Iya, santai aja.
ID-CTX-B-2883	Sebentar, jawabannya belum terkirim.
ID-CTX-B-2884	Sudah. Ternyata mereka cuma tanya kabar.
ID-CTX-B-2885	Soal gula tadi, simpan di tempat kering ya.
ID-CTX-B-0882	Aku ambil serbet yang di samping piring.
ID-CTX-B-0883	Itu habis dipakai lap meja, agak basah.
ID-CTX-B-0884	Oh, aku cuma mau tutup mangkuk sebentar.
ID-CTX-B-0885	Kalau begitu cari yang bersih di laci.
ID-CTX-B-0886	Yang bermotif kotak-kotak?
ID-CTX-B-0887	Nah, itu yang bersih.
ID-CTX-B-0888	Ketemu. Masih bersih.
ID-CTX-B-0889	Kutaruh di atas mangkuk, bukan kena makanan.
ID-CTX-B-0890	Oke, nanti jangan lupa angkat.
ID-CTX-B-0891	Aku pergi sebentar, mangkuknya tetap di meja.
ID-CTX-B-0892	Eh, semut mulai datang dari sisi jendela.
ID-CTX-B-0893	Pindahkan mangkuknya ke rak dulu.
ID-CTX-B-1115	Kaus kaki hitam cadangan masih ada?
ID-CTX-B-1116	Kayaknya sepasang di tas kecil.
ID-CTX-B-1117	Aku cari. Yang di rak sudah basah.
ID-CTX-B-1118	Tas kecilnya di belakang kursi.
ID-CTX-B-1119	Ada, tapi yang satu beda warna.
ID-CTX-B-1120	Coba lihat lipatan di bawahnya.
ID-CTX-B-1121	Nah, ini pasangannya.
ID-CTX-B-1122	Aku ambil yang hitam dulu.
ID-CTX-B-1123	Sisanya jangan berantakan ya.
ID-CTX-B-1124	Sudah kututup tasnya.
ID-CTX-B-1125	Oh, kaus kaki yang basah tadi harus dijemur lagi.
ID-CTX-B-0680	Boleh bawa payung lipat di dekat pintu?
ID-CTX-B-0681	Boleh. Langitnya mulai gelap ya?
ID-CTX-B-0682	Iya, cuma mau ke ujung jalan.
ID-CTX-B-0683	Nanti kubalikin kalau sudah pulang.
ID-CTX-B-0684	Sarungnya bawa juga, jangan hilang.
ID-CTX-B-0685	Ada di tas. Sudah kucek.
ID-CTX-B-0686	Oh, hujannya belum turun ternyata.
ID-CTX-B-0687	Aku sudah balik, payungnya masih kering.
ID-CTX-B-0688	Taruh saja di dekat pintu lagi.
ID-CTX-B-0689	Aku lanjut keluar lagi sebentar.
ID-CTX-B-0690	Eh, anginnya kencang sekarang.
ID-CTX-B-0691	Bawa payung itu lagi kalau perlu.
ID-CTX-B-0692	Iya, kali ini mungkin kepakai.
