original_line,timestamp_original,sender_original,recipient_original,message_original,conversation_cluster,source_id,source_document,source_page,source_reference,reconstruction_status,confidence,notes
1,,,,,,,,,,MISSING_FROM_PUBLIC_RECORD,,
2,,,,,,,,,,MISSING_FROM_PUBLIC_RECORD,,
3,,,,,,,,,,MISSING_FROM_PUBLIC_RECORD,,
4,,,,,,,,,,MISSING_FROM_PUBLIC_RECORD,,
5,,,,,,,,,,MISSING_FROM_PUBLIC_RECORD,,
6,,,,,,,,,,MISSING_FROM_PUBLIC_RECORD,,
7,,,,,,,,,,MISSING_FROM_PUBLIC_RECORD,,
8,,,,,,,,,,MISSING_FROM_PUBLIC_RECORD,,
9,,,,,,,,,,MISSING_FROM_PUBLIC_RECORD,,
10,,,,,,,,,,MISSING_FROM_PUBLIC_RECORD,,
11,,,,,,,,,,MISSING_FROM_PUBLIC_RECORD,,
12,,,,,,,,,,MISSING_FROM_PUBLIC_RECORD,,
13,,,,,,,,,,MISSING_FROM_PUBLIC_RECORD,,
14,,,,,,,,,,MISSING_FROM_PUBLIC_RECORD,,
15,,,,,,,,,,MISSING_FROM_PUBLIC_RECORD,,
16,,,,,,,,,,MISSING_FROM_PUBLIC_RECORD,,
17,,,,,,,,,,MISSING_FROM_PUBLIC_RECORD,,
18,,,,,,,,,,MISSING_FROM_PUBLIC_RECORD,,
19,,,,,,,,,,MISSING_FROM_PUBLIC_RECORD,,
20,,,,,,,,,,MISSING_FROM_PUBLIC_RECORD,,
21,,,,,,,,,,MISSING_FROM_PUBLIC_RECORD,,
22,,,,,,,,,,MISSING_FROM_PUBLIC_RECORD,,
23,,,,,,,,,,MISSING_FROM_PUBLIC_RECORD,,
24,,,,,,,,,,MISSING_FROM_PUBLIC_RECORD,,
25,,,,,,,,,,MISSING_FROM_PUBLIC_RECORD,,
26,,,,,,,,,,MISSING_FROM_PUBLIC_RECORD,,
27,,,,,,,,,,MISSING_FROM_PUBLIC_RECORD,,
28,,,,,,,,,,MISSING_FROM_PUBLIC_RECORD,,
29,,,,,,,,,,MISSING_FROM_PUBLIC_RECORD,,
30,,,,,,,,,,MISSING_FROM_PUBLIC_RECORD,,
31,,,,,,,,,,MISSING_FROM_PUBLIC_RECORD,,
32,,,,,,,,,,MISSING_FROM_PUBLIC_RECORD,,
33,,,,,,,,,,MISSING_FROM_PUBLIC_RECORD,,
34,,,,,,,,,,MISSING_FROM_PUBLIC_RECORD,,
35,,,,,,,,,,MISSING_FROM_PUBLIC_RECORD,,
36,,,,,,,,,,MISSING_FROM_PUBLIC_RECORD,,
37,,,,,,,,,,MISSING_FROM_PUBLIC_RECORD,,
38,,,,,,,,,,MISSING_FROM_PUBLIC_RECORD,,
39,,,,,,,,,,MISSING_FROM_PUBLIC_RECORD,,
40,,,,,,,,,,MISSING_FROM_PUBLIC_RECORD,,
41,,,,,,,,,,MISSING_FROM_PUBLIC_RECORD,,
42,,,,,,,,,,MISSING_FROM_PUBLIC_RECORD,,
43,,,,,,,,,,MISSING_FROM_PUBLIC_RECORD,,
44,,,,,,,,,,MISSING_FROM_PUBLIC_RECORD,,
45,,,,,,,,,,MISSING_FROM_PUBLIC_RECORD,,
46,,,,,,,,,,MISSING_FROM_PUBLIC_RECORD,,
47,,,,,,,,,,MISSING_FROM_PUBLIC_RECORD,,
48,,,,,,,,,,MISSING_FROM_PUBLIC_RECORD,,
49,,,,,,,,,,MISSING_FROM_PUBLIC_RECORD,,
50,,,,,,,,,,MISSING_FROM_PUBLIC_RECORD,,
51,,,,,,,,,,MISSING_FROM_PUBLIC_RECORD,,
52,,,,,,,,,,MISSING_FROM_PUBLIC_RECORD,,
53,,,,,,,,,,MISSING_FROM_PUBLIC_RECORD,,
54,,,,,,,,,,MISSING_FROM_PUBLIC_RECORD,,
55,,,,,,,,,,MISSING_FROM_PUBLIC_RECORD,,
56,,,,,,,,,,MISSING_FROM_PUBLIC_RECORD,,
57,,,,,,,,,,MISSING_FROM_PUBLIC_RECORD,,
58,,,,,,,,,,MISSING_FROM_PUBLIC_RECORD,,
59,,,,,,,,,,MISSING_FROM_PUBLIC_RECORD,,
60,,,,,,,,,,MISSING_FROM_PUBLIC_RECORD,,
61,,,,,,,,,,MISSING_FROM_PUBLIC_RECORD,,
62,,,,,,,,,,MISSING_FROM_PUBLIC_RECORD,,
63,,,,,,,,,,MISSING_FROM_PUBLIC_RECORD,,
64,,,,,,,,,,MISSING_FROM_PUBLIC_RECORD,,
65,,,,,,,,,,MISSING_FROM_PUBLIC_RECORD,,
66,,,,,,,,,,MISSING_FROM_PUBLIC_RECORD,,
67,,,,,,,,,,MISSING_FROM_PUBLIC_RECORD,,
68,,,,,,,,,,MISSING_FROM_PUBLIC_RECORD,,
69,,,,,,,,,,MISSING_FROM_PUBLIC_RECORD,,
70,,,,,,,,,,MISSING_FROM_PUBLIC_RECORD,,
71,,,,,,,,,,MISSING_FROM_PUBLIC_RECORD,,
72,,,,,,,,,,MISSING_FROM_PUBLIC_RECORD,,
73,,,,,,,,,,MISSING_FROM_PUBLIC_RECORD,,
74,,,,,,,,,,MISSING_FROM_PUBLIC_RECORD,,
75,,,,,,,,,,MISSING_FROM_PUBLIC_RECORD,,
76,,,,,,,,,,MISSING_FROM_PUBLIC_RECORD,,
77,,,,,,,,,,MISSING_FROM_PUBLIC_RECORD,,
78,,,,,,,,,,MISSING_FROM_PUBLIC_RECORD,,
79,,,,,,,,,,MISSING_FROM_PUBLIC_RECORD,,
80,,,,,,,,,,MISSING_FROM_PUBLIC_RECORD,,
81,,,,,,,,,,MISSING_FROM_PUBLIC_RECORD,,
82,,,,,,,,,,MISSING_FROM_PUBLIC_RECORD,,
83,,,,,,,,,,MISSING_FROM_PUBLIC_RECORD,,
84,,,,,,,,,,MISSING_FROM_PUBLIC_RECORD,,
85,,,,,,,,,,MISSING_FROM_PUBLIC_RECORD,,
86,,,,,,,,,,MISSING_FROM_PUBLIC_RECORD,,
87,,,,,,,,,,MISSING_FROM_PUBLIC_RECORD,,
88,,,,,,,,,,MISSING_FROM_PUBLIC_RECORD,,
89,,,,,,,,,,MISSING_FROM_PUBLIC_RECORD,,
90,,,,,,,,,,MISSING_FROM_PUBLIC_RECORD,,
91,,,,,,,,,,MISSING_FROM_PUBLIC_RECORD,,
92,,,,,,,,,,MISSING_FROM_PUBLIC_RECORD,,
93,,,,,,,,,,MISSING_FROM_PUBLIC_RECORD,,
94,,,,,,,,,,MISSING_FROM_PUBLIC_RECORD,,
95,,,,,,,,,,MISSING_FROM_PUBLIC_RECORD,,
96,,,,,,,,,,MISSING_FROM_PUBLIC_RECORD,,
97,,,,,,,,,,MISSING_FROM_PUBLIC_RECORD,,
98,,,,,,,,,,MISSING_FROM_PUBLIC_RECORD,,
99,,,,,,,,,,MISSING_FROM_PUBLIC_RECORD,,
100,,,,,,,,,,MISSING_FROM_PUBLIC_RECORD,,
101,,,,,,,,,,MISSING_FROM_PUBLIC_RECORD,,
102,,,,,,,,,,MISSING_FROM_PUBLIC_RECORD,,
103,,,,,,,,,,MISSING_FROM_PUBLIC_RECORD,,
104,,,,,,,,,,MISSING_FROM_PUBLIC_RECORD,,
105,,,,,,,,,,MISSING_FROM_PUBLIC_RECORD,,
106,,,,,,,,,,MISSING_FROM_PUBLIC_RECORD,,
107,,,,,,,,,,MISSING_FROM_PUBLIC_RECORD,,
108,,,,,,,,,,MISSING_FROM_PUBLIC_RECORD,,
109,,,,,,,,,,MISSING_FROM_PUBLIC_RECORD,,
110,,,,,,,,,,MISSING_FROM_PUBLIC_RECORD,,
111,,,,,,,,,,MISSING_FROM_PUBLIC_RECORD,,
112,,,,,,,,,,MISSING_FROM_PUBLIC_RECORD,,
113,,,,,,,,,,MISSING_FROM_PUBLIC_RECORD,,
114,,,,,,,,,,MISSING_FROM_PUBLIC_RECORD,,
115,,,,,,,,,,MISSING_FROM_PUBLIC_RECORD,,
116,,,,,,,,,,MISSING_FROM_PUBLIC_RECORD,,
117,,,,,,,,,,MISSING_FROM_PUBLIC_RECORD,,
118,,,,,,,,,,MISSING_FROM_PUBLIC_RECORD,,
119,,,,,,,,,,MISSING_FROM_PUBLIC_RECORD,,
120,,,,,,,,,,MISSING_FROM_PUBLIC_RECORD,,
121,,,,,,,,,,MISSING_FROM_PUBLIC_RECORD,,
122,,,,,,,,,,MISSING_FROM_PUBLIC_RECORD,,
123,,,,,,,,,,MISSING_FROM_PUBLIC_RECORD,,
124,,,,,,,,,,MISSING_FROM_PUBLIC_RECORD,,
125,,,,,,,,,,MISSING_FROM_PUBLIC_RECORD,,
126,,,,,,,,,,MISSING_FROM_PUBLIC_RECORD,,
127,,,,,,,,,,MISSING_FROM_PUBLIC_RECORD,,
128,,,,,,,,,,MISSING_FROM_PUBLIC_RECORD,,
129,,,,,,,,,,MISSING_FROM_PUBLIC_RECORD,,
130,,,,,,,,,,MISSING_FROM_PUBLIC_RECORD,,
131,,,,,,,,,,MISSING_FROM_PUBLIC_RECORD,,
132,,,,,,,,,,MISSING_FROM_PUBLIC_RECORD,,
133,,,,,,,,,,MISSING_FROM_PUBLIC_RECORD,,
134,,,,,,,,,,MISSING_FROM_PUBLIC_RECORD,,
135,,,,,,,,,,MISSING_FROM_PUBLIC_RECORD,,
136,,,,,,,,,,MISSING_FROM_PUBLIC_RECORD,,
137,,,,,,,,,,MISSING_FROM_PUBLIC_RECORD,,
138,,,,,,,,,,MISSING_FROM_PUBLIC_RECORD,,
139,,,,,,,,,,MISSING_FROM_PUBLIC_RECORD,,
140,,,,,,,,,,MISSING_FROM_PUBLIC_RECORD,,
141,,,,,,,,,,MISSING_FROM_PUBLIC_RECORD,,
142,,,,,,,,,,MISSING_FROM_PUBLIC_RECORD,,
143,,,,,,,,,,MISSING_FROM_PUBLIC_RECORD,,
144,,,,,,,,,,MISSING_FROM_PUBLIC_RECORD,,
145,,,,,,,,,,MISSING_FROM_PUBLIC_RECORD,,
146,,,,,,,,,,MISSING_FROM_PUBLIC_RECORD,,
147,,,,,,,,,,MISSING_FROM_PUBLIC_RECORD,,
148,,,,,,,,,,MISSING_FROM_PUBLIC_RECORD,,
149,,,,,,,,,,MISSING_FROM_PUBLIC_RECORD,,
150,,,,,,,,,,MISSING_FROM_PUBLIC_RECORD,,
151,,,,,,,,,,MISSING_FROM_PUBLIC_RECORD,,
152,,,,,,,,,,MISSING_FROM_PUBLIC_RECORD,,
153,,,,,,,,,,MISSING_FROM_PUBLIC_RECORD,,
154,,,,,,,,,,MISSING_FROM_PUBLIC_RECORD,,
155,,,,,,,,,,MISSING_FROM_PUBLIC_RECORD,,
156,,,,,,,,,,MISSING_FROM_PUBLIC_RECORD,,
157,,,,,,,,,,MISSING_FROM_PUBLIC_RECORD,,
158,,,,,,,,,,MISSING_FROM_PUBLIC_RECORD,,
159,,,,,,,,,,MISSING_FROM_PUBLIC_RECORD,,
160,,,,,,,,,,MISSING_FROM_PUBLIC_RECORD,,
161,,,,,,,,,,MISSING_FROM_PUBLIC_RECORD,,
162,,,,,,,,,,MISSING_FROM_PUBLIC_RECORD,,
163,,,,,,,,,,MISSING_FROM_PUBLIC_RECORD,,
164,,,,,,,,,,MISSING_FROM_PUBLIC_RECORD,,
165,,,,,,,,,,MISSING_FROM_PUBLIC_RECORD,,
166,,,,,,,,,,MISSING_FROM_PUBLIC_RECORD,,
167,,,,,,,,,,MISSING_FROM_PUBLIC_RECORD,,
168,,,,,,,,,,MISSING_FROM_PUBLIC_RECORD,,
169,,,,,,,,,,MISSING_FROM_PUBLIC_RECORD,,
170,,,,,,,,,,MISSING_FROM_PUBLIC_RECORD,,
171,,,,,,,,,,MISSING_FROM_PUBLIC_RECORD,,
172,,,,,,,,,,MISSING_FROM_PUBLIC_RECORD,,
173,,,,,,,,,,MISSING_FROM_PUBLIC_RECORD,,
174,,,,,,,,,,MISSING_FROM_PUBLIC_RECORD,,
175,,,,,,,,,,MISSING_FROM_PUBLIC_RECORD,,
176,,,,,,,,,,MISSING_FROM_PUBLIC_RECORD,,
177,,,,,,,,,,MISSING_FROM_PUBLIC_RECORD,,
178,,,,,,,,,,MISSING_FROM_PUBLIC_RECORD,,
179,,,,,,,,,,MISSING_FROM_PUBLIC_RECORD,,
180,,,,,,,,,,MISSING_FROM_PUBLIC_RECORD,,
181,,,,,,,,,,MISSING_FROM_PUBLIC_RECORD,,
182,,,,,,,,,,MISSING_FROM_PUBLIC_RECORD,,
183,,,,,,,,,,MISSING_FROM_PUBLIC_RECORD,,
184,,,,,,,,,,MISSING_FROM_PUBLIC_RECORD,,
185,,,,,,,,,,MISSING_FROM_PUBLIC_RECORD,,
186,,,,,,,,,,MISSING_FROM_PUBLIC_RECORD,,
187,,,,,,,,,,MISSING_FROM_PUBLIC_RECORD,,
188,,,,,,,,,,MISSING_FROM_PUBLIC_RECORD,,
189,,,,,,,,,,MISSING_FROM_PUBLIC_RECORD,,
190,,,,,,,,,,MISSING_FROM_PUBLIC_RECORD,,
191,,,,,,,,,,MISSING_FROM_PUBLIC_RECORD,,
192,,,,,,,,,,MISSING_FROM_PUBLIC_RECORD,,
193,,,,,,,,,,MISSING_FROM_PUBLIC_RECORD,,
194,,,,,,,,,,MISSING_FROM_PUBLIC_RECORD,,
195,,,,,,,,,,MISSING_FROM_PUBLIC_RECORD,,
196,,,,,,,,,,MISSING_FROM_PUBLIC_RECORD,,
197,,,,,,,,,,MISSING_FROM_PUBLIC_RECORD,,
198,,,,,,,,,,MISSING_FROM_PUBLIC_RECORD,,
199,,,,,,,,,,MISSING_FROM_PUBLIC_RECORD,,
200,,,,,,,,,,MISSING_FROM_PUBLIC_RECORD,,
201,,,,,,,,,,MISSING_FROM_PUBLIC_RECORD,,
202,,,,,,,,,,MISSING_FROM_PUBLIC_RECORD,,
203,,,,,,,,,,MISSING_FROM_PUBLIC_RECORD,,
204,,,,,,,,,,MISSING_FROM_PUBLIC_RECORD,,
205,,,,,,,,,,MISSING_FROM_PUBLIC_RECORD,,
206,,,,,,,,,,MISSING_FROM_PUBLIC_RECORD,,
207,,,,,,,,,,MISSING_FROM_PUBLIC_RECORD,,
208,,,,,,,,,,MISSING_FROM_PUBLIC_RECORD,,
209,,,,,,,,,,MISSING_FROM_PUBLIC_RECORD,,
210,,,,,,,,,,MISSING_FROM_PUBLIC_RECORD,,
211,,,,,,,,,,MISSING_FROM_PUBLIC_RECORD,,
212,,,,,,,,,,MISSING_FROM_PUBLIC_RECORD,,
213,,,,,,,,,,MISSING_FROM_PUBLIC_RECORD,,
214,,,,,,,,,,MISSING_FROM_PUBLIC_RECORD,,
215,,,,,,,,,,MISSING_FROM_PUBLIC_RECORD,,
216,,,,,,,,,,MISSING_FROM_PUBLIC_RECORD,,
217,,,,,,,,,,MISSING_FROM_PUBLIC_RECORD,,
218,,,,,,,,,,MISSING_FROM_PUBLIC_RECORD,,
219,,,,,,,,,,MISSING_FROM_PUBLIC_RECORD,,
220,,,,,,,,,,MISSING_FROM_PUBLIC_RECORD,,
221,,,,,,,,,,MISSING_FROM_PUBLIC_RECORD,,
222,,,,,,,,,,MISSING_FROM_PUBLIC_RECORD,,
223,,,,,,,,,,MISSING_FROM_PUBLIC_RECORD,,
224,,,,,,,,,,MISSING_FROM_PUBLIC_RECORD,,
225,,,,,,,,,,MISSING_FROM_PUBLIC_RECORD,,
226,,,,,,,,,,MISSING_FROM_PUBLIC_RECORD,,
227,,,,,,,,,,MISSING_FROM_PUBLIC_RECORD,,
228,,,,,,,,,,MISSING_FROM_PUBLIC_RECORD,,
229,,,,,,,,,,MISSING_FROM_PUBLIC_RECORD,,
230,,,,,,,,,,MISSING_FROM_PUBLIC_RECORD,,
231,,,,,,,,,,MISSING_FROM_PUBLIC_RECORD,,
232,,,,,,,,,,MISSING_FROM_PUBLIC_RECORD,,
233,,,,,,,,,,MISSING_FROM_PUBLIC_RECORD,,
234,,,,,,,,,,MISSING_FROM_PUBLIC_RECORD,,
235,,,,,,,,,,MISSING_FROM_PUBLIC_RECORD,,
236,,,,,,,,,,MISSING_FROM_PUBLIC_RECORD,,
237,,,,,,,,,,MISSING_FROM_PUBLIC_RECORD,,
238,,,,,,,,,,MISSING_FROM_PUBLIC_RECORD,,
239,,,,,,,,,,MISSING_FROM_PUBLIC_RECORD,,
240,,,,,,,,,,MISSING_FROM_PUBLIC_RECORD,,
241,,,,,,,,,,MISSING_FROM_PUBLIC_RECORD,,
242,,,,,,,,,,MISSING_FROM_PUBLIC_RECORD,,
243,,,,,,,,,,MISSING_FROM_PUBLIC_RECORD,,
244,,,,,,,,,,MISSING_FROM_PUBLIC_RECORD,,
245,,,,,,,,,,MISSING_FROM_PUBLIC_RECORD,,
246,,,,,,,,,,MISSING_FROM_PUBLIC_RECORD,,
247,,,,,,,,,,MISSING_FROM_PUBLIC_RECORD,,
248,,,,,,,,,,MISSING_FROM_PUBLIC_RECORD,,
249,,,,,,,,,,MISSING_FROM_PUBLIC_RECORD,,
250,,,,,,,,,,MISSING_FROM_PUBLIC_RECORD,,
251,,,,,,,,,,MISSING_FROM_PUBLIC_RECORD,,
252,,,,,,,,,,MISSING_FROM_PUBLIC_RECORD,,
253,,,,,,,,,,MISSING_FROM_PUBLIC_RECORD,,
254,,,,,,,,,,MISSING_FROM_PUBLIC_RECORD,,
255,,,,,,,,,,MISSING_FROM_PUBLIC_RECORD,,
256,,,,,,,,,,MISSING_FROM_PUBLIC_RECORD,,
257,,,,,,,,,,MISSING_FROM_PUBLIC_RECORD,,
258,,,,,,,,,,MISSING_FROM_PUBLIC_RECORD,,
259,,,,,,,,,,MISSING_FROM_PUBLIC_RECORD,,
260,,,,,,,,,,MISSING_FROM_PUBLIC_RECORD,,
261,,,,,,,,,,MISSING_FROM_PUBLIC_RECORD,,
262,,,,,,,,,,MISSING_FROM_PUBLIC_RECORD,,
263,,,,,,,,,,MISSING_FROM_PUBLIC_RECORD,,
264,,,,,,,,,,MISSING_FROM_PUBLIC_RECORD,,
265,,,,,,,,,,MISSING_FROM_PUBLIC_RECORD,,
266,,,,,,,,,,MISSING_FROM_PUBLIC_RECORD,,
267,,,,,,,,,,MISSING_FROM_PUBLIC_RECORD,,
268,,,,,,,,,,MISSING_FROM_PUBLIC_RECORD,,
269,,,,,,,,,,MISSING_FROM_PUBLIC_RECORD,,
270,,,,,,,,,,MISSING_FROM_PUBLIC_RECORD,,
271,,,,,,,,,,MISSING_FROM_PUBLIC_RECORD,,
272,,,,,,,,,,MISSING_FROM_PUBLIC_RECORD,,
273,,,,,,,,,,MISSING_FROM_PUBLIC_RECORD,,
274,,,,,,,,,,MISSING_FROM_PUBLIC_RECORD,,
275,,,,,,,,,,MISSING_FROM_PUBLIC_RECORD,,
276,,,,,,,,,,MISSING_FROM_PUBLIC_RECORD,,
277,,,,,,,,,,MISSING_FROM_PUBLIC_RECORD,,
278,,,,,,,,,,MISSING_FROM_PUBLIC_RECORD,,
279,,,,,,,,,,MISSING_FROM_PUBLIC_RECORD,,
280,,,,,,,,,,MISSING_FROM_PUBLIC_RECORD,,
281,,,,,,,,,,MISSING_FROM_PUBLIC_RECORD,,
282,,,,,,,,,,MISSING_FROM_PUBLIC_RECORD,,
283,,,,,,,,,,MISSING_FROM_PUBLIC_RECORD,,
284,,,,,,,,,,MISSING_FROM_PUBLIC_RECORD,,
285,,,,,,,,,,MISSING_FROM_PUBLIC_RECORD,,
286,,,,,,,,,,MISSING_FROM_PUBLIC_RECORD,,
287,,,,,,,,,,MISSING_FROM_PUBLIC_RECORD,,
288,,,,,,,,,,MISSING_FROM_PUBLIC_RECORD,,
289,,,,,,,,,,MISSING_FROM_PUBLIC_RECORD,,
290,,,,,,,,,,MISSING_FROM_PUBLIC_RECORD,,
291,,,,,,,,,,MISSING_FROM_PUBLIC_RECORD,,
292,,,,,,,,,,MISSING_FROM_PUBLIC_RECORD,,
293,,,,,,,,,,MISSING_FROM_PUBLIC_RECORD,,
294,,,,,,,,,,MISSING_FROM_PUBLIC_RECORD,,
295,,,,,,,,,,MISSING_FROM_PUBLIC_RECORD,,
296,,,,,,,,,,MISSING_FROM_PUBLIC_RECORD,,
297,,,,,,,,,,MISSING_FROM_PUBLIC_RECORD,,
298,,,,,,,,,,MISSING_FROM_PUBLIC_RECORD,,
299,,,,,,,,,,MISSING_FROM_PUBLIC_RECORD,,
300,,,,,,,,,,MISSING_FROM_PUBLIC_RECORD,,
301,,,,,,,,,,MISSING_FROM_PUBLIC_RECORD,,
302,,,,,,,,,,MISSING_FROM_PUBLIC_RECORD,,
303,,,,,,,,,,MISSING_FROM_PUBLIC_RECORD,,
304,,,,,,,,,,MISSING_FROM_PUBLIC_RECORD,,
305,,,,,,,,,,MISSING_FROM_PUBLIC_RECORD,,
306,,,,,,,,,,MISSING_FROM_PUBLIC_RECORD,,
307,,,,,,,,,,MISSING_FROM_PUBLIC_RECORD,,
308,,,,,,,,,,MISSING_FROM_PUBLIC_RECORD,,
309,,,,,,,,,,MISSING_FROM_PUBLIC_RECORD,,
310,,,,,,,,,,MISSING_FROM_PUBLIC_RECORD,,
311,,,,,,,,,,MISSING_FROM_PUBLIC_RECORD,,
312,,,,,,,,,,MISSING_FROM_PUBLIC_RECORD,,
313,,,,,,,,,,MISSING_FROM_PUBLIC_RECORD,,
314,,,,,,,,,,MISSING_FROM_PUBLIC_RECORD,,
315,,,,,,,,,,MISSING_FROM_PUBLIC_RECORD,,
316,,,,,,,,,,MISSING_FROM_PUBLIC_RECORD,,
317,,,,,,,,,,MISSING_FROM_PUBLIC_RECORD,,
318,,,,,,,,,,MISSING_FROM_PUBLIC_RECORD,,
319,,,,,,,,,,MISSING_FROM_PUBLIC_RECORD,,
320,,,,,,,,,,MISSING_FROM_PUBLIC_RECORD,,
321,,,,,,,,,,MISSING_FROM_PUBLIC_RECORD,,
322,,,,,,,,,,MISSING_FROM_PUBLIC_RECORD,,
323,,,,,,,,,,MISSING_FROM_PUBLIC_RECORD,,
324,,,,,,,,,,MISSING_FROM_PUBLIC_RECORD,,
325,,,,,,,,,,MISSING_FROM_PUBLIC_RECORD,,
326,,,,,,,,,,MISSING_FROM_PUBLIC_RECORD,,
327,,,,,,,,,,MISSING_FROM_PUBLIC_RECORD,,
328,,,,,,,,,,MISSING_FROM_PUBLIC_RECORD,,
329,,,,,,,,,,MISSING_FROM_PUBLIC_RECORD,,
330,,,,,,,,,,MISSING_FROM_PUBLIC_RECORD,,
331,,,,,,,,,,MISSING_FROM_PUBLIC_RECORD,,
332,,,,,,,,,,MISSING_FROM_PUBLIC_RECORD,,
333,,,,,,,,,,MISSING_FROM_PUBLIC_RECORD,,
334,,,,,,,,,,MISSING_FROM_PUBLIC_RECORD,,
335,,,,,,,,,,MISSING_FROM_PUBLIC_RECORD,,
336,,,,,,,,,,MISSING_FROM_PUBLIC_RECORD,,
337,,,,,,,,,,MISSING_FROM_PUBLIC_RECORD,,
338,,,,,,,,,,MISSING_FROM_PUBLIC_RECORD,,
339,,,,,,,,,,MISSING_FROM_PUBLIC_RECORD,,
340,,,,,,,,,,MISSING_FROM_PUBLIC_RECORD,,
341,,,,,,,,,,MISSING_FROM_PUBLIC_RECORD,,
342,,,,,,,,,,MISSING_FROM_PUBLIC_RECORD,,
343,,,,,,,,,,MISSING_FROM_PUBLIC_RECORD,,
344,,,,,,,,,,MISSING_FROM_PUBLIC_RECORD,,
345,,,,,,,,,,MISSING_FROM_PUBLIC_RECORD,,
346,,,,,,,,,,MISSING_FROM_PUBLIC_RECORD,,
347,,,,,,,,,,MISSING_FROM_PUBLIC_RECORD,,
348,,,,,,,,,,MISSING_FROM_PUBLIC_RECORD,,
349,,,,,,,,,,MISSING_FROM_PUBLIC_RECORD,,
350,,,,,,,,,,MISSING_FROM_PUBLIC_RECORD,,
351,,,,,,,,,,MISSING_FROM_PUBLIC_RECORD,,
352,,,,,,,,,,MISSING_FROM_PUBLIC_RECORD,,
353,,,,,,,,,,MISSING_FROM_PUBLIC_RECORD,,
354,,,,,,,,,,MISSING_FROM_PUBLIC_RECORD,,
355,,,,,,,,,,MISSING_FROM_PUBLIC_RECORD,,
356,,,,,,,,,,MISSING_FROM_PUBLIC_RECORD,,
357,,,,,,,,,,MISSING_FROM_PUBLIC_RECORD,,
358,,,,,,,,,,MISSING_FROM_PUBLIC_RECORD,,
359,,,,,,,,,,MISSING_FROM_PUBLIC_RECORD,,
360,,,,,,,,,,MISSING_FROM_PUBLIC_RECORD,,
361,,,,,,,,,,MISSING_FROM_PUBLIC_RECORD,,
362,,,,,,,,,,MISSING_FROM_PUBLIC_RECORD,,
363,,,,,,,,,,MISSING_FROM_PUBLIC_RECORD,,
364,,,,,,,,,,MISSING_FROM_PUBLIC_RECORD,,
365,,,,,,,,,,MISSING_FROM_PUBLIC_RECORD,,
366,,,,,,,,,,MISSING_FROM_PUBLIC_RECORD,,
367,,,,,,,,,,MISSING_FROM_PUBLIC_RECORD,,
368,,,,,,,,,,MISSING_FROM_PUBLIC_RECORD,,
369,,,,,,,,,,MISSING_FROM_PUBLIC_RECORD,,
370,,,,,,,,,,MISSING_FROM_PUBLIC_RECORD,,
371,,,,,,,,,,MISSING_FROM_PUBLIC_RECORD,,
372,,,,,,,,,,MISSING_FROM_PUBLIC_RECORD,,
373,,,,,,,,,,MISSING_FROM_PUBLIC_RECORD,,
374,,,,,,,,,,MISSING_FROM_PUBLIC_RECORD,,
375,,,,,,,,,,MISSING_FROM_PUBLIC_RECORD,,
376,,,,,,,,,,MISSING_FROM_PUBLIC_RECORD,,
377,,,,,,,,,,MISSING_FROM_PUBLIC_RECORD,,
378,,,,,,,,,,MISSING_FROM_PUBLIC_RECORD,,
379,,,,,,,,,,MISSING_FROM_PUBLIC_RECORD,,
380,,,,,,,,,,MISSING_FROM_PUBLIC_RECORD,,
381,,,,,,,,,,MISSING_FROM_PUBLIC_RECORD,,
382,,,,,,,,,,MISSING_FROM_PUBLIC_RECORD,,
383,,,,,,,,,,MISSING_FROM_PUBLIC_RECORD,,
384,,,,,,,,,,MISSING_FROM_PUBLIC_RECORD,,
385,,,,,,,,,,MISSING_FROM_PUBLIC_RECORD,,
386,,,,,,,,,,MISSING_FROM_PUBLIC_RECORD,,
387,,,,,,,,,,MISSING_FROM_PUBLIC_RECORD,,
388,,,,,,,,,,MISSING_FROM_PUBLIC_RECORD,,
389,,,,,,,,,,MISSING_FROM_PUBLIC_RECORD,,
390,,,,,,,,,,MISSING_FROM_PUBLIC_RECORD,,
391,,,,,,,,,,MISSING_FROM_PUBLIC_RECORD,,
392,,,,,,,,,,MISSING_FROM_PUBLIC_RECORD,,
393,,,,,,,,,,MISSING_FROM_PUBLIC_RECORD,,
394,,,,,,,,,,MISSING_FROM_PUBLIC_RECORD,,
395,,,,,,,,,,MISSING_FROM_PUBLIC_RECORD,,
396,,,,,,,,,,MISSING_FROM_PUBLIC_RECORD,,
397,,,,,,,,,,MISSING_FROM_PUBLIC_RECORD,,
398,,,,,,,,,,MISSING_FROM_PUBLIC_RECORD,,
399,,,,,,,,,,MISSING_FROM_PUBLIC_RECORD,,
400,,,,,,,,,,MISSING_FROM_PUBLIC_RECORD,,
401,,,,,,,,,,MISSING_FROM_PUBLIC_RECORD,,
402,,,,,,,,,,MISSING_FROM_PUBLIC_RECORD,,
403,,,,,,,,,,MISSING_FROM_PUBLIC_RECORD,,
404,,,,,,,,,,MISSING_FROM_PUBLIC_RECORD,,
405,,,,,,,,,,MISSING_FROM_PUBLIC_RECORD,,
406,,,,,,,,,,MISSING_FROM_PUBLIC_RECORD,,
407,,,,,,,,,,MISSING_FROM_PUBLIC_RECORD,,
408,,,,,,,,,,MISSING_FROM_PUBLIC_RECORD,,
409,,,,,,,,,,MISSING_FROM_PUBLIC_RECORD,,
410,,,,,,,,,,MISSING_FROM_PUBLIC_RECORD,,
411,,,,,,,,,,MISSING_FROM_PUBLIC_RECORD,,
412,,,,,,,,,,MISSING_FROM_PUBLIC_RECORD,,
413,,,,,,,,,,MISSING_FROM_PUBLIC_RECORD,,
414,,,,,,,,,,MISSING_FROM_PUBLIC_RECORD,,
415,,,,,,,,,,MISSING_FROM_PUBLIC_RECORD,,
416,,,,,,,,,,MISSING_FROM_PUBLIC_RECORD,,
417,,,,,,,,,,MISSING_FROM_PUBLIC_RECORD,,
418,,,,,,,,,,MISSING_FROM_PUBLIC_RECORD,,
419,,,,,,,,,,MISSING_FROM_PUBLIC_RECORD,,
420,,,,,,,,,,MISSING_FROM_PUBLIC_RECORD,,
421,,,,,,,,,,MISSING_FROM_PUBLIC_RECORD,,
422,,,,,,,,,,MISSING_FROM_PUBLIC_RECORD,,
423,,,,,,,,,,MISSING_FROM_PUBLIC_RECORD,,
424,,,,,,,,,,MISSING_FROM_PUBLIC_RECORD,,
425,,,,,,,,,,MISSING_FROM_PUBLIC_RECORD,,
426,,,,,,,,,,MISSING_FROM_PUBLIC_RECORD,,
427,,,,,,,,,,MISSING_FROM_PUBLIC_RECORD,,
428,,,,,,,,,,MISSING_FROM_PUBLIC_RECORD,,
429,,,,,,,,,,MISSING_FROM_PUBLIC_RECORD,,
430,,,,,,,,,,MISSING_FROM_PUBLIC_RECORD,,
431,,,,,,,,,,MISSING_FROM_PUBLIC_RECORD,,
432,,,,,,,,,,MISSING_FROM_PUBLIC_RECORD,,
433,,,,,,,,,,MISSING_FROM_PUBLIC_RECORD,,
434,,,,,,,,,,MISSING_FROM_PUBLIC_RECORD,,
435,,,,,,,,,,MISSING_FROM_PUBLIC_RECORD,,
436,,,,,,,,,,MISSING_FROM_PUBLIC_RECORD,,
437,,,,,,,,,,MISSING_FROM_PUBLIC_RECORD,,
438,,,,,,,,,,MISSING_FROM_PUBLIC_RECORD,,
439,,,,,,,,,,MISSING_FROM_PUBLIC_RECORD,,
440,,,,,,,,,,MISSING_FROM_PUBLIC_RECORD,,
441,,,,,,,,,,MISSING_FROM_PUBLIC_RECORD,,
442,,,,,,,,,,MISSING_FROM_PUBLIC_RECORD,,
443,,,,,,,,,,MISSING_FROM_PUBLIC_RECORD,,
444,,,,,,,,,,MISSING_FROM_PUBLIC_RECORD,,
445,,,,,,,,,,MISSING_FROM_PUBLIC_RECORD,,
446,,,,,,,,,,MISSING_FROM_PUBLIC_RECORD,,
447,,,,,,,,,,MISSING_FROM_PUBLIC_RECORD,,
448,,,,,,,,,,MISSING_FROM_PUBLIC_RECORD,,
449,,,,,,,,,,MISSING_FROM_PUBLIC_RECORD,,
450,,,,,,,,,,MISSING_FROM_PUBLIC_RECORD,,
451,,,,,,,,,,MISSING_FROM_PUBLIC_RECORD,,
452,,,,,,,,,,MISSING_FROM_PUBLIC_RECORD,,
453,,,,,,,,,,MISSING_FROM_PUBLIC_RECORD,,
454,,,,,,,,,,MISSING_FROM_PUBLIC_RECORD,,
455,,,,,,,,,,MISSING_FROM_PUBLIC_RECORD,,
456,,,,,,,,,,MISSING_FROM_PUBLIC_RECORD,,
457,,,,,,,,,,MISSING_FROM_PUBLIC_RECORD,,
458,,,,,,,,,,MISSING_FROM_PUBLIC_RECORD,,
459,,,,,,,,,,MISSING_FROM_PUBLIC_RECORD,,
460,,,,,,,,,,MISSING_FROM_PUBLIC_RECORD,,
461,,,,,,,,,,MISSING_FROM_PUBLIC_RECORD,,
462,,,,,,,,,,MISSING_FROM_PUBLIC_RECORD,,
463,,,,,,,,,,MISSING_FROM_PUBLIC_RECORD,,
464,,,,,,,,,,MISSING_FROM_PUBLIC_RECORD,,
465,,,,,,,,,,MISSING_FROM_PUBLIC_RECORD,,
466,,,,,,,,,,MISSING_FROM_PUBLIC_RECORD,,
467,,,,,,,,,,MISSING_FROM_PUBLIC_RECORD,,
468,,,,,,,,,,MISSING_FROM_PUBLIC_RECORD,,
469,,,,,,,,,,MISSING_FROM_PUBLIC_RECORD,,
470,,,,,,,,,,MISSING_FROM_PUBLIC_RECORD,,
471,,,,,,,,,,MISSING_FROM_PUBLIC_RECORD,,
472,,,,,,,,,,MISSING_FROM_PUBLIC_RECORD,,
473,,,,,,,,,,MISSING_FROM_PUBLIC_RECORD,,
474,,,,,,,,,,MISSING_FROM_PUBLIC_RECORD,,
475,,,,,,,,,,MISSING_FROM_PUBLIC_RECORD,,
476,,,,,,,,,,MISSING_FROM_PUBLIC_RECORD,,
477,,,,,,,,,,MISSING_FROM_PUBLIC_RECORD,,
478,,,,,,,,,,MISSING_FROM_PUBLIC_RECORD,,
479,,,,,,,,,,MISSING_FROM_PUBLIC_RECORD,,
480,,,,,,,,,,MISSING_FROM_PUBLIC_RECORD,,
481,,,,,,,,,,MISSING_FROM_PUBLIC_RECORD,,
482,,,,,,,,,,MISSING_FROM_PUBLIC_RECORD,,
483,,,,,,,,,,MISSING_FROM_PUBLIC_RECORD,,
484,,,,,,,,,,MISSING_FROM_PUBLIC_RECORD,,
485,,,,,,,,,,MISSING_FROM_PUBLIC_RECORD,,
486,,,,,,,,,,MISSING_FROM_PUBLIC_RECORD,,
487,,,,,,,,,,MISSING_FROM_PUBLIC_RECORD,,
488,,,,,,,,,,MISSING_FROM_PUBLIC_RECORD,,
489,,,,,,,,,,MISSING_FROM_PUBLIC_RECORD,,
490,,,,,,,,,,MISSING_FROM_PUBLIC_RECORD,,
491,,,,,,,,,,MISSING_FROM_PUBLIC_RECORD,,
492,,,,,,,,,,MISSING_FROM_PUBLIC_RECORD,,
493,,,,,,,,,,MISSING_FROM_PUBLIC_RECORD,,
494,,,,,,,,,,MISSING_FROM_PUBLIC_RECORD,,
495,,,,,,,,,,MISSING_FROM_PUBLIC_RECORD,,
496,,,,,,,,,,MISSING_FROM_PUBLIC_RECORD,,
497,,,,,,,,,,MISSING_FROM_PUBLIC_RECORD,,
498,,,,,,,,,,MISSING_FROM_PUBLIC_RECORD,,
499,,,,,,,,,,MISSING_FROM_PUBLIC_RECORD,,
500,,,,,,,,,,MISSING_FROM_PUBLIC_RECORD,,
501,,,,,,,,,,MISSING_FROM_PUBLIC_RECORD,,
502,,,,,,,,,,MISSING_FROM_PUBLIC_RECORD,,
503,,,,,,,,,,MISSING_FROM_PUBLIC_RECORD,,
504,,,,,,,,,,MISSING_FROM_PUBLIC_RECORD,,
505,,,,,,,,,,MISSING_FROM_PUBLIC_RECORD,,
506,,,,,,,,,,MISSING_FROM_PUBLIC_RECORD,,
507,,,,,,,,,,MISSING_FROM_PUBLIC_RECORD,,
508,,,,,,,,,,MISSING_FROM_PUBLIC_RECORD,,
509,,,,,,,,,,MISSING_FROM_PUBLIC_RECORD,,
510,,,,,,,,,,MISSING_FROM_PUBLIC_RECORD,,
511,,,,,,,,,,MISSING_FROM_PUBLIC_RECORD,,
512,,,,,,,,,,MISSING_FROM_PUBLIC_RECORD,,
513,,,,,,,,,,MISSING_FROM_PUBLIC_RECORD,,
514,,,,,,,,,,MISSING_FROM_PUBLIC_RECORD,,
515,,,,,,,,,,MISSING_FROM_PUBLIC_RECORD,,
516,,,,,,,,,,MISSING_FROM_PUBLIC_RECORD,,
517,,,,,,,,,,MISSING_FROM_PUBLIC_RECORD,,
518,,,,,,,,,,MISSING_FROM_PUBLIC_RECORD,,
519,,,,,,,,,,MISSING_FROM_PUBLIC_RECORD,,
520,,,,,,,,,,MISSING_FROM_PUBLIC_RECORD,,
521,,,,,,,,,,MISSING_FROM_PUBLIC_RECORD,,
522,,,,,,,,,,MISSING_FROM_PUBLIC_RECORD,,
523,,,,,,,,,,MISSING_FROM_PUBLIC_RECORD,,
524,,,,,,,,,,MISSING_FROM_PUBLIC_RECORD,,
525,,,,,,,,,,MISSING_FROM_PUBLIC_RECORD,,
526,,,,,,,,,,MISSING_FROM_PUBLIC_RECORD,,
527,,,,,,,,,,MISSING_FROM_PUBLIC_RECORD,,
528,,,,,,,,,,MISSING_FROM_PUBLIC_RECORD,,
529,,,,,,,,,,MISSING_FROM_PUBLIC_RECORD,,
530,,,,,,,,,,MISSING_FROM_PUBLIC_RECORD,,
531,,,,,,,,,,MISSING_FROM_PUBLIC_RECORD,,
532,,,,,,,,,,MISSING_FROM_PUBLIC_RECORD,,
533,,,,,,,,,,MISSING_FROM_PUBLIC_RECORD,,
534,,,,,,,,,,MISSING_FROM_PUBLIC_RECORD,,
535,,,,,,,,,,MISSING_FROM_PUBLIC_RECORD,,
536,,,,,,,,,,MISSING_FROM_PUBLIC_RECORD,,
537,,,,,,,,,,MISSING_FROM_PUBLIC_RECORD,,
538,,,,,,,,,,MISSING_FROM_PUBLIC_RECORD,,
539,,,,,,,,,,MISSING_FROM_PUBLIC_RECORD,,
540,,,,,,,,,,MISSING_FROM_PUBLIC_RECORD,,
541,,,,,,,,,,MISSING_FROM_PUBLIC_RECORD,,
542,,,,,,,,,,MISSING_FROM_PUBLIC_RECORD,,
543,,,,,,,,,,MISSING_FROM_PUBLIC_RECORD,,
