baris_exhibit1a,status_doc547,source_id,sumber_kerja,catatan
1,TERPETAKAN_UNAMBIGU_QA_PENDING,SRC-001,Document 547 Galloway.md,"Isi verbatim tetap di workspace privat"
2,TERPETAKAN_UNAMBIGU_QA_PENDING,SRC-001,Document 547 Galloway.md,"Isi verbatim tetap di workspace privat"
3,TERPETAKAN_UNAMBIGU_QA_PENDING,SRC-001,Document 547 Galloway.md,"Isi verbatim tetap di workspace privat"
4,TERPETAKAN_UNAMBIGU_QA_PENDING,SRC-001,Document 547 Galloway.md,"Isi verbatim tetap di workspace privat"
5,TERPETAKAN_UNAMBIGU_QA_PENDING,SRC-001,Document 547 Galloway.md,"Isi verbatim tetap di workspace privat"
6,TERPETAKAN_UNAMBIGU_QA_PENDING,SRC-001,Document 547 Galloway.md,"Isi verbatim tetap di workspace privat"
7,TERPETAKAN_UNAMBIGU_QA_PENDING,SRC-001,Document 547 Galloway.md,"Isi verbatim tetap di workspace privat"
8,TERPETAKAN_UNAMBIGU_QA_PENDING,SRC-001,Document 547 Galloway.md,"Isi verbatim tetap di workspace privat"
9,TERPETAKAN_UNAMBIGU_QA_PENDING,SRC-001,Document 547 Galloway.md,"Isi verbatim tetap di workspace privat"
10,TERPETAKAN_UNAMBIGU_QA_PENDING,SRC-001,Document 547 Galloway.md,"Isi verbatim tetap di workspace privat"
11,TERPETAKAN_UNAMBIGU_QA_PENDING,SRC-001,Document 547 Galloway.md,"Isi verbatim tetap di workspace privat"
12,TERPETAKAN_UNAMBIGU_QA_PENDING,SRC-001,Document 547 Galloway.md,"Isi verbatim tetap di workspace privat"
13,TERPETAKAN_UNAMBIGU_QA_PENDING,SRC-001,Document 547 Galloway.md,"Isi verbatim tetap di workspace privat"
14,TERPETAKAN_UNAMBIGU_QA_PENDING,SRC-001,Document 547 Galloway.md,"Isi verbatim tetap di workspace privat"
15,TERPETAKAN_UNAMBIGU_QA_PENDING,SRC-001,Document 547 Galloway.md,"Isi verbatim tetap di workspace privat"
16,BELUM_TERPETAKAN,SRC-001,Document 547 Galloway.md,"AMBIGU_JUMLAH_PESAN"
17,BELUM_TERPETAKAN,SRC-001,Document 547 Galloway.md,"AMBIGU_JUMLAH_PESAN"
18,BELUM_TERPETAKAN,SRC-001,Document 547 Galloway.md,"AMBIGU_JUMLAH_PESAN"
19,BELUM_TERPETAKAN,SRC-001,Document 547 Galloway.md,"AMBIGU_JUMLAH_PESAN"
20,BELUM_TERPETAKAN,SRC-001,Document 547 Galloway.md,"AMBIGU_JUMLAH_PESAN"
21,BELUM_TERPETAKAN,SRC-001,Document 547 Galloway.md,"AMBIGU_JUMLAH_PESAN"
22,BELUM_TERPETAKAN,SRC-001,Document 547 Galloway.md,"AMBIGU_JUMLAH_PESAN"
23,BELUM_TERPETAKAN,SRC-001,Document 547 Galloway.md,"AMBIGU_JUMLAH_PESAN"
24,BELUM_TERPETAKAN,SRC-001,Document 547 Galloway.md,"AMBIGU_JUMLAH_PESAN"
25,BELUM_TERPETAKAN,SRC-001,Document 547 Galloway.md,"AMBIGU_JUMLAH_PESAN"
26,BELUM_TERPETAKAN,SRC-001,Document 547 Galloway.md,"AMBIGU_JUMLAH_PESAN"
27,BELUM_TERPETAKAN,SRC-001,Document 547 Galloway.md,"TIDAK_DISEBUT_DOC547"
28,TERPETAKAN_UNAMBIGU_QA_PENDING,SRC-001,Document 547 Galloway.md,"Isi verbatim tetap di workspace privat"
29,TERPETAKAN_UNAMBIGU_QA_PENDING,SRC-001,Document 547 Galloway.md,"Isi verbatim tetap di workspace privat"
30,TERPETAKAN_UNAMBIGU_QA_PENDING,SRC-001,Document 547 Galloway.md,"Isi verbatim tetap di workspace privat"
31,TERPETAKAN_UNAMBIGU_QA_PENDING,SRC-001,Document 547 Galloway.md,"Isi verbatim tetap di workspace privat"
32,TERPETAKAN_UNAMBIGU_QA_PENDING,SRC-001,Document 547 Galloway.md,"Isi verbatim tetap di workspace privat"
33,TERPETAKAN_UNAMBIGU_QA_PENDING,SRC-001,Document 547 Galloway.md,"Isi verbatim tetap di workspace privat"
34,TERPETAKAN_UNAMBIGU_QA_PENDING,SRC-001,Document 547 Galloway.md,"Isi verbatim tetap di workspace privat"
35,TERPETAKAN_UNAMBIGU_QA_PENDING,SRC-001,Document 547 Galloway.md,"Isi verbatim tetap di workspace privat"
36,TERPETAKAN_UNAMBIGU_QA_PENDING,SRC-001,Document 547 Galloway.md,"Isi verbatim tetap di workspace privat"
37,TERPETAKAN_UNAMBIGU_QA_PENDING,SRC-001,Document 547 Galloway.md,"Isi verbatim tetap di workspace privat"
38,TERPETAKAN_UNAMBIGU_QA_PENDING,SRC-001,Document 547 Galloway.md,"Isi verbatim tetap di workspace privat"
39,TERPETAKAN_UNAMBIGU_QA_PENDING,SRC-001,Document 547 Galloway.md,"Isi verbatim tetap di workspace privat"
40,TERPETAKAN_UNAMBIGU_QA_PENDING,SRC-001,Document 547 Galloway.md,"Isi verbatim tetap di workspace privat"
41,TERPETAKAN_UNAMBIGU_QA_PENDING,SRC-001,Document 547 Galloway.md,"Isi verbatim tetap di workspace privat"
42,TERPETAKAN_UNAMBIGU_QA_PENDING,SRC-001,Document 547 Galloway.md,"Isi verbatim tetap di workspace privat"
43,TERPETAKAN_UNAMBIGU_QA_PENDING,SRC-001,Document 547 Galloway.md,"Isi verbatim tetap di workspace privat"
44,TERPETAKAN_UNAMBIGU_QA_PENDING,SRC-001,Document 547 Galloway.md,"Isi verbatim tetap di workspace privat"
45,TERPETAKAN_UNAMBIGU_QA_PENDING,SRC-001,Document 547 Galloway.md,"Isi verbatim tetap di workspace privat"
46,TERPETAKAN_UNAMBIGU_QA_PENDING,SRC-001,Document 547 Galloway.md,"Isi verbatim tetap di workspace privat"
47,TERPETAKAN_UNAMBIGU_QA_PENDING,SRC-001,Document 547 Galloway.md,"Isi verbatim tetap di workspace privat"
48,TERPETAKAN_UNAMBIGU_QA_PENDING,SRC-001,Document 547 Galloway.md,"Isi verbatim tetap di workspace privat"
49,TERPETAKAN_UNAMBIGU_QA_PENDING,SRC-001,Document 547 Galloway.md,"Isi verbatim tetap di workspace privat"
50,TERPETAKAN_UNAMBIGU_QA_PENDING,SRC-001,Document 547 Galloway.md,"Isi verbatim tetap di workspace privat"
51,TERPETAKAN_UNAMBIGU_QA_PENDING,SRC-001,Document 547 Galloway.md,"Isi verbatim tetap di workspace privat"
52,TERPETAKAN_UNAMBIGU_QA_PENDING,SRC-001,Document 547 Galloway.md,"Isi verbatim tetap di workspace privat"
53,TERPETAKAN_UNAMBIGU_QA_PENDING,SRC-001,Document 547 Galloway.md,"Isi verbatim tetap di workspace privat"
54,TERPETAKAN_UNAMBIGU_QA_PENDING,SRC-001,Document 547 Galloway.md,"Isi verbatim tetap di workspace privat"
55,TERPETAKAN_UNAMBIGU_QA_PENDING,SRC-001,Document 547 Galloway.md,"Isi verbatim tetap di workspace privat"
56,TERPETAKAN_UNAMBIGU_QA_PENDING,SRC-001,Document 547 Galloway.md,"Isi verbatim tetap di workspace privat"
57,TERPETAKAN_UNAMBIGU_QA_PENDING,SRC-001,Document 547 Galloway.md,"Isi verbatim tetap di workspace privat"
58,TERPETAKAN_UNAMBIGU_QA_PENDING,SRC-001,Document 547 Galloway.md,"Isi verbatim tetap di workspace privat"
59,TERPETAKAN_UNAMBIGU_QA_PENDING,SRC-001,Document 547 Galloway.md,"Isi verbatim tetap di workspace privat"
60,TERPETAKAN_UNAMBIGU_QA_PENDING,SRC-001,Document 547 Galloway.md,"Isi verbatim tetap di workspace privat"
61,TERPETAKAN_UNAMBIGU_QA_PENDING,SRC-001,Document 547 Galloway.md,"Isi verbatim tetap di workspace privat"
62,TERPETAKAN_UNAMBIGU_QA_PENDING,SRC-001,Document 547 Galloway.md,"Isi verbatim tetap di workspace privat"
63,TERPETAKAN_UNAMBIGU_QA_PENDING,SRC-001,Document 547 Galloway.md,"Isi verbatim tetap di workspace privat"
64,TERPETAKAN_UNAMBIGU_QA_PENDING,SRC-001,Document 547 Galloway.md,"Isi verbatim tetap di workspace privat"
65,TERPETAKAN_UNAMBIGU_QA_PENDING,SRC-001,Document 547 Galloway.md,"Isi verbatim tetap di workspace privat"
66,TERPETAKAN_UNAMBIGU_QA_PENDING,SRC-001,Document 547 Galloway.md,"Isi verbatim tetap di workspace privat"
67,TERPETAKAN_UNAMBIGU_QA_PENDING,SRC-001,Document 547 Galloway.md,"Isi verbatim tetap di workspace privat"
68,TERPETAKAN_UNAMBIGU_QA_PENDING,SRC-001,Document 547 Galloway.md,"Isi verbatim tetap di workspace privat"
69,TERPETAKAN_UNAMBIGU_QA_PENDING,SRC-001,Document 547 Galloway.md,"Isi verbatim tetap di workspace privat"
70,TERPETAKAN_UNAMBIGU_QA_PENDING,SRC-001,Document 547 Galloway.md,"Isi verbatim tetap di workspace privat"
71,TERPETAKAN_UNAMBIGU_QA_PENDING,SRC-001,Document 547 Galloway.md,"Isi verbatim tetap di workspace privat"
72,TERPETAKAN_UNAMBIGU_QA_PENDING,SRC-001,Document 547 Galloway.md,"Isi verbatim tetap di workspace privat"
73,TERPETAKAN_UNAMBIGU_QA_PENDING,SRC-001,Document 547 Galloway.md,"Isi verbatim tetap di workspace privat"
74,TERPETAKAN_UNAMBIGU_QA_PENDING,SRC-001,Document 547 Galloway.md,"Isi verbatim tetap di workspace privat"
75,TERPETAKAN_UNAMBIGU_QA_PENDING,SRC-001,Document 547 Galloway.md,"Isi verbatim tetap di workspace privat"
76,TERPETAKAN_UNAMBIGU_QA_PENDING,SRC-001,Document 547 Galloway.md,"Isi verbatim tetap di workspace privat"
77,TERPETAKAN_UNAMBIGU_QA_PENDING,SRC-001,Document 547 Galloway.md,"Isi verbatim tetap di workspace privat"
78,TERPETAKAN_UNAMBIGU_QA_PENDING,SRC-001,Document 547 Galloway.md,"Isi verbatim tetap di workspace privat"
79,TERPETAKAN_UNAMBIGU_QA_PENDING,SRC-001,Document 547 Galloway.md,"Isi verbatim tetap di workspace privat"
80,TERPETAKAN_UNAMBIGU_QA_PENDING,SRC-001,Document 547 Galloway.md,"Isi verbatim tetap di workspace privat"
81,TERPETAKAN_UNAMBIGU_QA_PENDING,SRC-001,Document 547 Galloway.md,"Isi verbatim tetap di workspace privat"
82,TERPETAKAN_UNAMBIGU_QA_PENDING,SRC-001,Document 547 Galloway.md,"Isi verbatim tetap di workspace privat"
83,TERPETAKAN_UNAMBIGU_QA_PENDING,SRC-001,Document 547 Galloway.md,"Isi verbatim tetap di workspace privat"
84,TERPETAKAN_UNAMBIGU_QA_PENDING,SRC-001,Document 547 Galloway.md,"Isi verbatim tetap di workspace privat"
85,TERPETAKAN_RESOLUSI_INTERNAL_QA_PENDING,SRC-001,Document 547 Galloway.md,"Mapping diselesaikan dari konsistensi internal Document 547; isi verbatim tetap privat"
86,TERPETAKAN_RESOLUSI_INTERNAL_QA_PENDING,SRC-001,Document 547 Galloway.md,"Mapping diselesaikan dari konsistensi internal Document 547; isi verbatim tetap privat"
87,TERPETAKAN_RESOLUSI_INTERNAL_QA_PENDING,SRC-001,Document 547 Galloway.md,"Mapping diselesaikan dari konsistensi internal Document 547; isi verbatim tetap privat"
88,TERPETAKAN_RESOLUSI_INTERNAL_QA_PENDING,SRC-001,Document 547 Galloway.md,"Mapping diselesaikan dari konsistensi internal Document 547; isi verbatim tetap privat"
89,TERPETAKAN_RESOLUSI_INTERNAL_QA_PENDING,SRC-001,Document 547 Galloway.md,"Mapping diselesaikan dari konsistensi internal Document 547; isi verbatim tetap privat"
90,TERPETAKAN_RESOLUSI_INTERNAL_QA_PENDING,SRC-001,Document 547 Galloway.md,"Mapping diselesaikan dari konsistensi internal Document 547; isi verbatim tetap privat"
91,TERPETAKAN_RESOLUSI_INTERNAL_QA_PENDING,SRC-001,Document 547 Galloway.md,"Mapping diselesaikan dari konsistensi internal Document 547; isi verbatim tetap privat"
92,TERPETAKAN_RESOLUSI_INTERNAL_QA_PENDING,SRC-001,Document 547 Galloway.md,"Mapping diselesaikan dari konsistensi internal Document 547; isi verbatim tetap privat"
93,TERPETAKAN_RESOLUSI_INTERNAL_QA_PENDING,SRC-001,Document 547 Galloway.md,"Mapping diselesaikan dari konsistensi internal Document 547; isi verbatim tetap privat"
94,TERPETAKAN_RESOLUSI_INTERNAL_QA_PENDING,SRC-001,Document 547 Galloway.md,"Mapping diselesaikan dari konsistensi internal Document 547; isi verbatim tetap privat"
95,TERPETAKAN_RESOLUSI_INTERNAL_QA_PENDING,SRC-001,Document 547 Galloway.md,"Mapping diselesaikan dari konsistensi internal Document 547; isi verbatim tetap privat"
96,TERPETAKAN_RESOLUSI_INTERNAL_QA_PENDING,SRC-001,Document 547 Galloway.md,"Mapping diselesaikan dari konsistensi internal Document 547; isi verbatim tetap privat"
97,TERPETAKAN_UNAMBIGU_QA_PENDING,SRC-001,Document 547 Galloway.md,"Isi verbatim tetap di workspace privat"
98,TERPETAKAN_UNAMBIGU_QA_PENDING,SRC-001,Document 547 Galloway.md,"Isi verbatim tetap di workspace privat"
99,TERPETAKAN_UNAMBIGU_QA_PENDING,SRC-001,Document 547 Galloway.md,"Isi verbatim tetap di workspace privat"
100,TERPETAKAN_UNAMBIGU_QA_PENDING,SRC-001,Document 547 Galloway.md,"Isi verbatim tetap di workspace privat"
101,TERPETAKAN_UNAMBIGU_QA_PENDING,SRC-001,Document 547 Galloway.md,"Isi verbatim tetap di workspace privat"
102,TERPETAKAN_UNAMBIGU_QA_PENDING,SRC-001,Document 547 Galloway.md,"Isi verbatim tetap di workspace privat"
103,TERPETAKAN_UNAMBIGU_QA_PENDING,SRC-001,Document 547 Galloway.md,"Isi verbatim tetap di workspace privat"
104,TERPETAKAN_UNAMBIGU_QA_PENDING,SRC-001,Document 547 Galloway.md,"Isi verbatim tetap di workspace privat"
105,TERPETAKAN_UNAMBIGU_QA_PENDING,SRC-001,Document 547 Galloway.md,"Isi verbatim tetap di workspace privat"
106,TERPETAKAN_UNAMBIGU_QA_PENDING,SRC-001,Document 547 Galloway.md,"Isi verbatim tetap di workspace privat"
107,TERPETAKAN_UNAMBIGU_QA_PENDING,SRC-001,Document 547 Galloway.md,"Isi verbatim tetap di workspace privat"
108,TERPETAKAN_UNAMBIGU_QA_PENDING,SRC-001,Document 547 Galloway.md,"Isi verbatim tetap di workspace privat"
109,TERPETAKAN_UNAMBIGU_QA_PENDING,SRC-001,Document 547 Galloway.md,"Isi verbatim tetap di workspace privat"
110,TERPETAKAN_UNAMBIGU_QA_PENDING,SRC-001,Document 547 Galloway.md,"Isi verbatim tetap di workspace privat"
111,TERPETAKAN_UNAMBIGU_QA_PENDING,SRC-001,Document 547 Galloway.md,"Isi verbatim tetap di workspace privat"
112,TERPETAKAN_UNAMBIGU_QA_PENDING,SRC-001,Document 547 Galloway.md,"Isi verbatim tetap di workspace privat"
113,TERPETAKAN_UNAMBIGU_QA_PENDING,SRC-001,Document 547 Galloway.md,"Isi verbatim tetap di workspace privat"
114,TERPETAKAN_UNAMBIGU_QA_PENDING,SRC-001,Document 547 Galloway.md,"Isi verbatim tetap di workspace privat"
115,TERPETAKAN_UNAMBIGU_QA_PENDING,SRC-001,Document 547 Galloway.md,"Isi verbatim tetap di workspace privat"
116,BELUM_TERPETAKAN,SRC-001,Document 547 Galloway.md,"AMBIGU_TYPO_117_117"
117,BELUM_TERPETAKAN,SRC-001,Document 547 Galloway.md,"AMBIGU_TYPO_117_117"
118,TERPETAKAN_UNAMBIGU_QA_PENDING,SRC-001,Document 547 Galloway.md,"Isi verbatim tetap di workspace privat"
119,TERPETAKAN_UNAMBIGU_QA_PENDING,SRC-001,Document 547 Galloway.md,"Isi verbatim tetap di workspace privat"
120,TERPETAKAN_UNAMBIGU_QA_PENDING,SRC-001,Document 547 Galloway.md,"Isi verbatim tetap di workspace privat"
121,TERPETAKAN_UNAMBIGU_QA_PENDING,SRC-001,Document 547 Galloway.md,"Isi verbatim tetap di workspace privat"
122,TERPETAKAN_UNAMBIGU_QA_PENDING,SRC-001,Document 547 Galloway.md,"Isi verbatim tetap di workspace privat"
123,TERPETAKAN_UNAMBIGU_QA_PENDING,SRC-001,Document 547 Galloway.md,"Isi verbatim tetap di workspace privat"
124,TERPETAKAN_UNAMBIGU_QA_PENDING,SRC-001,Document 547 Galloway.md,"Isi verbatim tetap di workspace privat"
125,TERPETAKAN_UNAMBIGU_QA_PENDING,SRC-001,Document 547 Galloway.md,"Isi verbatim tetap di workspace privat"
126,TERPETAKAN_UNAMBIGU_QA_PENDING,SRC-001,Document 547 Galloway.md,"Isi verbatim tetap di workspace privat"
127,TERPETAKAN_UNAMBIGU_QA_PENDING,SRC-001,Document 547 Galloway.md,"Isi verbatim tetap di workspace privat"
128,TERPETAKAN_UNAMBIGU_QA_PENDING,SRC-001,Document 547 Galloway.md,"Isi verbatim tetap di workspace privat"
129,TERPETAKAN_UNAMBIGU_QA_PENDING,SRC-001,Document 547 Galloway.md,"Isi verbatim tetap di workspace privat"
130,TERPETAKAN_UNAMBIGU_QA_PENDING,SRC-001,Document 547 Galloway.md,"Isi verbatim tetap di workspace privat"
131,TERPETAKAN_UNAMBIGU_QA_PENDING,SRC-001,Document 547 Galloway.md,"Isi verbatim tetap di workspace privat"
132,TERPETAKAN_UNAMBIGU_QA_PENDING,SRC-001,Document 547 Galloway.md,"Isi verbatim tetap di workspace privat"
133,TERPETAKAN_UNAMBIGU_QA_PENDING,SRC-001,Document 547 Galloway.md,"Isi verbatim tetap di workspace privat"
134,TERPETAKAN_UNAMBIGU_QA_PENDING,SRC-001,Document 547 Galloway.md,"Isi verbatim tetap di workspace privat"
135,TERPETAKAN_UNAMBIGU_QA_PENDING,SRC-001,Document 547 Galloway.md,"Isi verbatim tetap di workspace privat"
136,TERPETAKAN_UNAMBIGU_QA_PENDING,SRC-001,Document 547 Galloway.md,"Isi verbatim tetap di workspace privat"
137,TERPETAKAN_UNAMBIGU_QA_PENDING,SRC-001,Document 547 Galloway.md,"Isi verbatim tetap di workspace privat"
138,TERPETAKAN_UNAMBIGU_QA_PENDING,SRC-001,Document 547 Galloway.md,"Isi verbatim tetap di workspace privat"
139,TERPETAKAN_UNAMBIGU_QA_PENDING,SRC-001,Document 547 Galloway.md,"Isi verbatim tetap di workspace privat"
140,TERPETAKAN_UNAMBIGU_QA_PENDING,SRC-001,Document 547 Galloway.md,"Isi verbatim tetap di workspace privat"
141,TERPETAKAN_UNAMBIGU_QA_PENDING,SRC-001,Document 547 Galloway.md,"Isi verbatim tetap di workspace privat"
142,TERPETAKAN_UNAMBIGU_QA_PENDING,SRC-001,Document 547 Galloway.md,"Isi verbatim tetap di workspace privat"
143,TERPETAKAN_UNAMBIGU_QA_PENDING,SRC-001,Document 547 Galloway.md,"Isi verbatim tetap di workspace privat"
144,TERPETAKAN_UNAMBIGU_QA_PENDING,SRC-001,Document 547 Galloway.md,"Isi verbatim tetap di workspace privat"
145,TERPETAKAN_UNAMBIGU_QA_PENDING,SRC-001,Document 547 Galloway.md,"Isi verbatim tetap di workspace privat"
146,TERPETAKAN_UNAMBIGU_QA_PENDING,SRC-001,Document 547 Galloway.md,"Isi verbatim tetap di workspace privat"
147,TERPETAKAN_UNAMBIGU_QA_PENDING,SRC-001,Document 547 Galloway.md,"Isi verbatim tetap di workspace privat"
148,TERPETAKAN_UNAMBIGU_QA_PENDING,SRC-001,Document 547 Galloway.md,"Isi verbatim tetap di workspace privat"
149,TERPETAKAN_UNAMBIGU_QA_PENDING,SRC-001,Document 547 Galloway.md,"Isi verbatim tetap di workspace privat"
150,TERPETAKAN_UNAMBIGU_QA_PENDING,SRC-001,Document 547 Galloway.md,"Isi verbatim tetap di workspace privat"
151,TERPETAKAN_UNAMBIGU_QA_PENDING,SRC-001,Document 547 Galloway.md,"Isi verbatim tetap di workspace privat"
152,TERPETAKAN_UNAMBIGU_QA_PENDING,SRC-001,Document 547 Galloway.md,"Isi verbatim tetap di workspace privat"
153,TERPETAKAN_UNAMBIGU_QA_PENDING,SRC-001,Document 547 Galloway.md,"Isi verbatim tetap di workspace privat"
154,TERPETAKAN_UNAMBIGU_QA_PENDING,SRC-001,Document 547 Galloway.md,"Isi verbatim tetap di workspace privat"
155,TERPETAKAN_UNAMBIGU_QA_PENDING,SRC-001,Document 547 Galloway.md,"Isi verbatim tetap di workspace privat"
156,TERPETAKAN_UNAMBIGU_QA_PENDING,SRC-001,Document 547 Galloway.md,"Isi verbatim tetap di workspace privat"
157,TERPETAKAN_UNAMBIGU_QA_PENDING,SRC-001,Document 547 Galloway.md,"Isi verbatim tetap di workspace privat"
158,TERPETAKAN_UNAMBIGU_QA_PENDING,SRC-001,Document 547 Galloway.md,"Isi verbatim tetap di workspace privat"
159,TERPETAKAN_UNAMBIGU_QA_PENDING,SRC-001,Document 547 Galloway.md,"Isi verbatim tetap di workspace privat"
160,TERPETAKAN_UNAMBIGU_QA_PENDING,SRC-001,Document 547 Galloway.md,"Isi verbatim tetap di workspace privat"
161,TERPETAKAN_UNAMBIGU_QA_PENDING,SRC-001,Document 547 Galloway.md,"Isi verbatim tetap di workspace privat"
162,TERPETAKAN_UNAMBIGU_QA_PENDING,SRC-001,Document 547 Galloway.md,"Isi verbatim tetap di workspace privat"
163,TERPETAKAN_UNAMBIGU_QA_PENDING,SRC-001,Document 547 Galloway.md,"Isi verbatim tetap di workspace privat"
164,TERPETAKAN_UNAMBIGU_QA_PENDING,SRC-001,Document 547 Galloway.md,"Isi verbatim tetap di workspace privat"
165,TERPETAKAN_UNAMBIGU_QA_PENDING,SRC-001,Document 547 Galloway.md,"Isi verbatim tetap di workspace privat"
166,TERPETAKAN_UNAMBIGU_QA_PENDING,SRC-001,Document 547 Galloway.md,"Isi verbatim tetap di workspace privat"
167,TERPETAKAN_UNAMBIGU_QA_PENDING,SRC-001,Document 547 Galloway.md,"Isi verbatim tetap di workspace privat"
168,BELUM_TERPETAKAN,SRC-001,Document 547 Galloway.md,"AMBIGU_PENANDA_SKIP"
169,BELUM_TERPETAKAN,SRC-001,Document 547 Galloway.md,"AMBIGU_PENANDA_SKIP"
170,BELUM_TERPETAKAN,SRC-001,Document 547 Galloway.md,"AMBIGU_PENANDA_SKIP"
171,BELUM_TERPETAKAN,SRC-001,Document 547 Galloway.md,"AMBIGU_PENANDA_SKIP"
172,BELUM_TERPETAKAN,SRC-001,Document 547 Galloway.md,"AMBIGU_PENANDA_SKIP"
173,BELUM_TERPETAKAN,SRC-001,Document 547 Galloway.md,"AMBIGU_PENANDA_SKIP"
174,BELUM_TERPETAKAN,SRC-001,Document 547 Galloway.md,"AMBIGU_PENANDA_SKIP"
175,BELUM_TERPETAKAN,SRC-001,Document 547 Galloway.md,"AMBIGU_PENANDA_SKIP"
176,TERPETAKAN_UNAMBIGU_QA_PENDING,SRC-001,Document 547 Galloway.md,"Isi verbatim tetap di workspace privat"
177,TERPETAKAN_UNAMBIGU_QA_PENDING,SRC-001,Document 547 Galloway.md,"Isi verbatim tetap di workspace privat"
178,TERPETAKAN_UNAMBIGU_QA_PENDING,SRC-001,Document 547 Galloway.md,"Isi verbatim tetap di workspace privat"
179,TERPETAKAN_UNAMBIGU_QA_PENDING,SRC-001,Document 547 Galloway.md,"Isi verbatim tetap di workspace privat"
180,TERPETAKAN_UNAMBIGU_QA_PENDING,SRC-001,Document 547 Galloway.md,"Isi verbatim tetap di workspace privat"
181,TERPETAKAN_UNAMBIGU_QA_PENDING,SRC-001,Document 547 Galloway.md,"Isi verbatim tetap di workspace privat"
182,TERPETAKAN_UNAMBIGU_QA_PENDING,SRC-001,Document 547 Galloway.md,"Isi verbatim tetap di workspace privat"
183,TERPETAKAN_UNAMBIGU_QA_PENDING,SRC-001,Document 547 Galloway.md,"Isi verbatim tetap di workspace privat"
184,TERPETAKAN_UNAMBIGU_QA_PENDING,SRC-001,Document 547 Galloway.md,"Isi verbatim tetap di workspace privat"
185,TERPETAKAN_UNAMBIGU_QA_PENDING,SRC-001,Document 547 Galloway.md,"Isi verbatim tetap di workspace privat"
186,TERPETAKAN_UNAMBIGU_QA_PENDING,SRC-001,Document 547 Galloway.md,"Isi verbatim tetap di workspace privat"
187,TERPETAKAN_UNAMBIGU_QA_PENDING,SRC-001,Document 547 Galloway.md,"Isi verbatim tetap di workspace privat"
188,TERPETAKAN_UNAMBIGU_QA_PENDING,SRC-001,Document 547 Galloway.md,"Isi verbatim tetap di workspace privat"
189,TERPETAKAN_UNAMBIGU_QA_PENDING,SRC-001,Document 547 Galloway.md,"Isi verbatim tetap di workspace privat"
190,TERPETAKAN_UNAMBIGU_QA_PENDING,SRC-001,Document 547 Galloway.md,"Isi verbatim tetap di workspace privat"
191,TERPETAKAN_UNAMBIGU_QA_PENDING,SRC-001,Document 547 Galloway.md,"Isi verbatim tetap di workspace privat"
192,TERPETAKAN_UNAMBIGU_QA_PENDING,SRC-001,Document 547 Galloway.md,"Isi verbatim tetap di workspace privat"
193,TERPETAKAN_UNAMBIGU_QA_PENDING,SRC-001,Document 547 Galloway.md,"Isi verbatim tetap di workspace privat"
194,TERPETAKAN_UNAMBIGU_QA_PENDING,SRC-001,Document 547 Galloway.md,"Isi verbatim tetap di workspace privat"
195,TERPETAKAN_UNAMBIGU_QA_PENDING,SRC-001,Document 547 Galloway.md,"Isi verbatim tetap di workspace privat"
196,TERPETAKAN_UNAMBIGU_QA_PENDING,SRC-001,Document 547 Galloway.md,"Isi verbatim tetap di workspace privat"
197,TERPETAKAN_UNAMBIGU_QA_PENDING,SRC-001,Document 547 Galloway.md,"Isi verbatim tetap di workspace privat"
198,TERPETAKAN_UNAMBIGU_QA_PENDING,SRC-001,Document 547 Galloway.md,"Isi verbatim tetap di workspace privat"
199,TERPETAKAN_UNAMBIGU_QA_PENDING,SRC-001,Document 547 Galloway.md,"Isi verbatim tetap di workspace privat"
200,TERPETAKAN_UNAMBIGU_QA_PENDING,SRC-001,Document 547 Galloway.md,"Isi verbatim tetap di workspace privat"
201,TERPETAKAN_UNAMBIGU_QA_PENDING,SRC-001,Document 547 Galloway.md,"Isi verbatim tetap di workspace privat"
202,TERPETAKAN_UNAMBIGU_QA_PENDING,SRC-001,Document 547 Galloway.md,"Isi verbatim tetap di workspace privat"
203,TERPETAKAN_UNAMBIGU_QA_PENDING,SRC-001,Document 547 Galloway.md,"Isi verbatim tetap di workspace privat"
204,TERPETAKAN_UNAMBIGU_QA_PENDING,SRC-001,Document 547 Galloway.md,"Isi verbatim tetap di workspace privat"
205,TERPETAKAN_UNAMBIGU_QA_PENDING,SRC-001,Document 547 Galloway.md,"Isi verbatim tetap di workspace privat"
206,TERPETAKAN_UNAMBIGU_QA_PENDING,SRC-001,Document 547 Galloway.md,"Isi verbatim tetap di workspace privat"
207,TERPETAKAN_UNAMBIGU_QA_PENDING,SRC-001,Document 547 Galloway.md,"Isi verbatim tetap di workspace privat"
208,BELUM_TERPETAKAN,SRC-001,Document 547 Galloway.md,"AMBIGU_JUMLAH_PESAN"
209,BELUM_TERPETAKAN,SRC-001,Document 547 Galloway.md,"AMBIGU_JUMLAH_PESAN"
210,BELUM_TERPETAKAN,SRC-001,Document 547 Galloway.md,"AMBIGU_JUMLAH_PESAN"
211,BELUM_TERPETAKAN,SRC-001,Document 547 Galloway.md,"AMBIGU_JUMLAH_PESAN"
212,BELUM_TERPETAKAN,SRC-001,Document 547 Galloway.md,"AMBIGU_JUMLAH_PESAN"
213,BELUM_TERPETAKAN,SRC-001,Document 547 Galloway.md,"AMBIGU_JUMLAH_PESAN"
214,BELUM_TERPETAKAN,SRC-001,Document 547 Galloway.md,"AMBIGU_JUMLAH_PESAN"
215,BELUM_TERPETAKAN,SRC-001,Document 547 Galloway.md,"AMBIGU_JUMLAH_PESAN"
216,BELUM_TERPETAKAN,SRC-001,Document 547 Galloway.md,"AMBIGU_JUMLAH_PESAN"
217,BELUM_TERPETAKAN,SRC-001,Document 547 Galloway.md,"AMBIGU_JUMLAH_PESAN"
218,TERPETAKAN_UNAMBIGU_QA_PENDING,SRC-001,Document 547 Galloway.md,"Isi verbatim tetap di workspace privat"
219,TERPETAKAN_UNAMBIGU_QA_PENDING,SRC-001,Document 547 Galloway.md,"Isi verbatim tetap di workspace privat"
220,TERPETAKAN_UNAMBIGU_QA_PENDING,SRC-001,Document 547 Galloway.md,"Isi verbatim tetap di workspace privat"
221,TERPETAKAN_UNAMBIGU_QA_PENDING,SRC-001,Document 547 Galloway.md,"Isi verbatim tetap di workspace privat"
222,TERPETAKAN_UNAMBIGU_QA_PENDING,SRC-001,Document 547 Galloway.md,"Isi verbatim tetap di workspace privat"
223,TERPETAKAN_UNAMBIGU_QA_PENDING,SRC-001,Document 547 Galloway.md,"Isi verbatim tetap di workspace privat"
224,TERPETAKAN_UNAMBIGU_QA_PENDING,SRC-001,Document 547 Galloway.md,"Isi verbatim tetap di workspace privat"
225,TERPETAKAN_UNAMBIGU_QA_PENDING,SRC-001,Document 547 Galloway.md,"Isi verbatim tetap di workspace privat"
226,TERPETAKAN_UNAMBIGU_QA_PENDING,SRC-001,Document 547 Galloway.md,"Isi verbatim tetap di workspace privat"
227,TERPETAKAN_UNAMBIGU_QA_PENDING,SRC-001,Document 547 Galloway.md,"Isi verbatim tetap di workspace privat"
228,TERPETAKAN_UNAMBIGU_QA_PENDING,SRC-001,Document 547 Galloway.md,"Isi verbatim tetap di workspace privat"
229,TERPETAKAN_UNAMBIGU_QA_PENDING,SRC-001,Document 547 Galloway.md,"Isi verbatim tetap di workspace privat"
230,TERPETAKAN_UNAMBIGU_QA_PENDING,SRC-001,Document 547 Galloway.md,"Isi verbatim tetap di workspace privat"
231,TERPETAKAN_UNAMBIGU_QA_PENDING,SRC-001,Document 547 Galloway.md,"Isi verbatim tetap di workspace privat"
232,TERPETAKAN_UNAMBIGU_QA_PENDING,SRC-001,Document 547 Galloway.md,"Isi verbatim tetap di workspace privat"
233,TERPETAKAN_UNAMBIGU_QA_PENDING,SRC-001,Document 547 Galloway.md,"Isi verbatim tetap di workspace privat"
234,TERPETAKAN_UNAMBIGU_QA_PENDING,SRC-001,Document 547 Galloway.md,"Isi verbatim tetap di workspace privat"
235,TERPETAKAN_UNAMBIGU_QA_PENDING,SRC-001,Document 547 Galloway.md,"Isi verbatim tetap di workspace privat"
236,TERPETAKAN_UNAMBIGU_QA_PENDING,SRC-001,Document 547 Galloway.md,"Isi verbatim tetap di workspace privat"
237,TERPETAKAN_UNAMBIGU_QA_PENDING,SRC-001,Document 547 Galloway.md,"Isi verbatim tetap di workspace privat"
238,TERPETAKAN_UNAMBIGU_QA_PENDING,SRC-001,Document 547 Galloway.md,"Isi verbatim tetap di workspace privat"
239,TERPETAKAN_UNAMBIGU_QA_PENDING,SRC-001,Document 547 Galloway.md,"Isi verbatim tetap di workspace privat"
240,TERPETAKAN_UNAMBIGU_QA_PENDING,SRC-001,Document 547 Galloway.md,"Isi verbatim tetap di workspace privat"
241,TERPETAKAN_UNAMBIGU_QA_PENDING,SRC-001,Document 547 Galloway.md,"Isi verbatim tetap di workspace privat"
242,TERPETAKAN_UNAMBIGU_QA_PENDING,SRC-001,Document 547 Galloway.md,"Isi verbatim tetap di workspace privat"
243,TERPETAKAN_UNAMBIGU_QA_PENDING,SRC-001,Document 547 Galloway.md,"Isi verbatim tetap di workspace privat"
244,TERPETAKAN_UNAMBIGU_QA_PENDING,SRC-001,Document 547 Galloway.md,"Isi verbatim tetap di workspace privat"
245,TERPETAKAN_UNAMBIGU_QA_PENDING,SRC-001,Document 547 Galloway.md,"Isi verbatim tetap di workspace privat"
246,TERPETAKAN_UNAMBIGU_QA_PENDING,SRC-001,Document 547 Galloway.md,"Isi verbatim tetap di workspace privat"
247,TERPETAKAN_UNAMBIGU_QA_PENDING,SRC-001,Document 547 Galloway.md,"Isi verbatim tetap di workspace privat"
248,TERPETAKAN_UNAMBIGU_QA_PENDING,SRC-001,Document 547 Galloway.md,"Isi verbatim tetap di workspace privat"
249,TERPETAKAN_UNAMBIGU_QA_PENDING,SRC-001,Document 547 Galloway.md,"Isi verbatim tetap di workspace privat"
250,TERPETAKAN_UNAMBIGU_QA_PENDING,SRC-001,Document 547 Galloway.md,"Isi verbatim tetap di workspace privat"
251,TERPETAKAN_UNAMBIGU_QA_PENDING,SRC-001,Document 547 Galloway.md,"Isi verbatim tetap di workspace privat"
252,TERPETAKAN_UNAMBIGU_QA_PENDING,SRC-001,Document 547 Galloway.md,"Isi verbatim tetap di workspace privat"
253,TERPETAKAN_UNAMBIGU_QA_PENDING,SRC-001,Document 547 Galloway.md,"Isi verbatim tetap di workspace privat"
254,TERPETAKAN_UNAMBIGU_QA_PENDING,SRC-001,Document 547 Galloway.md,"Isi verbatim tetap di workspace privat"
255,TERPETAKAN_UNAMBIGU_QA_PENDING,SRC-001,Document 547 Galloway.md,"Isi verbatim tetap di workspace privat"
256,TERPETAKAN_UNAMBIGU_QA_PENDING,SRC-001,Document 547 Galloway.md,"Isi verbatim tetap di workspace privat"
257,TERPETAKAN_UNAMBIGU_QA_PENDING,SRC-001,Document 547 Galloway.md,"Isi verbatim tetap di workspace privat"
258,TERPETAKAN_UNAMBIGU_QA_PENDING,SRC-001,Document 547 Galloway.md,"Isi verbatim tetap di workspace privat"
259,TERPETAKAN_UNAMBIGU_QA_PENDING,SRC-001,Document 547 Galloway.md,"Isi verbatim tetap di workspace privat"
260,TERPETAKAN_UNAMBIGU_QA_PENDING,SRC-001,Document 547 Galloway.md,"Isi verbatim tetap di workspace privat"
261,TERPETAKAN_UNAMBIGU_QA_PENDING,SRC-001,Document 547 Galloway.md,"Isi verbatim tetap di workspace privat"
262,TERPETAKAN_UNAMBIGU_QA_PENDING,SRC-001,Document 547 Galloway.md,"Isi verbatim tetap di workspace privat"
263,TERPETAKAN_UNAMBIGU_QA_PENDING,SRC-001,Document 547 Galloway.md,"Isi verbatim tetap di workspace privat"
264,TERPETAKAN_UNAMBIGU_QA_PENDING,SRC-001,Document 547 Galloway.md,"Isi verbatim tetap di workspace privat"
265,TERPETAKAN_UNAMBIGU_QA_PENDING,SRC-001,Document 547 Galloway.md,"Isi verbatim tetap di workspace privat"
266,TERPETAKAN_UNAMBIGU_QA_PENDING,SRC-001,Document 547 Galloway.md,"Isi verbatim tetap di workspace privat"
267,TERPETAKAN_UNAMBIGU_QA_PENDING,SRC-001,Document 547 Galloway.md,"Isi verbatim tetap di workspace privat"
268,TERPETAKAN_UNAMBIGU_QA_PENDING,SRC-001,Document 547 Galloway.md,"Isi verbatim tetap di workspace privat"
269,TERPETAKAN_UNAMBIGU_QA_PENDING,SRC-001,Document 547 Galloway.md,"Isi verbatim tetap di workspace privat"
270,TERPETAKAN_UNAMBIGU_QA_PENDING,SRC-001,Document 547 Galloway.md,"Isi verbatim tetap di workspace privat"
271,TERPETAKAN_UNAMBIGU_QA_PENDING,SRC-001,Document 547 Galloway.md,"Isi verbatim tetap di workspace privat"
272,TERPETAKAN_UNAMBIGU_QA_PENDING,SRC-001,Document 547 Galloway.md,"Isi verbatim tetap di workspace privat"
273,TERPETAKAN_UNAMBIGU_QA_PENDING,SRC-001,Document 547 Galloway.md,"Isi verbatim tetap di workspace privat"
274,TERPETAKAN_UNAMBIGU_QA_PENDING,SRC-001,Document 547 Galloway.md,"Isi verbatim tetap di workspace privat"
275,TERPETAKAN_UNAMBIGU_QA_PENDING,SRC-001,Document 547 Galloway.md,"Isi verbatim tetap di workspace privat"
276,TERPETAKAN_UNAMBIGU_QA_PENDING,SRC-001,Document 547 Galloway.md,"Isi verbatim tetap di workspace privat"
277,TERPETAKAN_UNAMBIGU_QA_PENDING,SRC-001,Document 547 Galloway.md,"Isi verbatim tetap di workspace privat"
278,TERPETAKAN_UNAMBIGU_QA_PENDING,SRC-001,Document 547 Galloway.md,"Isi verbatim tetap di workspace privat"
279,TERPETAKAN_UNAMBIGU_QA_PENDING,SRC-001,Document 547 Galloway.md,"Isi verbatim tetap di workspace privat"
280,TERPETAKAN_UNAMBIGU_QA_PENDING,SRC-001,Document 547 Galloway.md,"Isi verbatim tetap di workspace privat"
281,TERPETAKAN_UNAMBIGU_QA_PENDING,SRC-001,Document 547 Galloway.md,"Isi verbatim tetap di workspace privat"
282,TERPETAKAN_UNAMBIGU_QA_PENDING,SRC-001,Document 547 Galloway.md,"Isi verbatim tetap di workspace privat"
283,TERPETAKAN_UNAMBIGU_QA_PENDING,SRC-001,Document 547 Galloway.md,"Isi verbatim tetap di workspace privat"
284,TERPETAKAN_UNAMBIGU_QA_PENDING,SRC-001,Document 547 Galloway.md,"Isi verbatim tetap di workspace privat"
285,TERPETAKAN_UNAMBIGU_QA_PENDING,SRC-001,Document 547 Galloway.md,"Isi verbatim tetap di workspace privat"
286,TERPETAKAN_UNAMBIGU_QA_PENDING,SRC-001,Document 547 Galloway.md,"Isi verbatim tetap di workspace privat"
287,TERPETAKAN_UNAMBIGU_QA_PENDING,SRC-001,Document 547 Galloway.md,"Isi verbatim tetap di workspace privat"
288,TERPETAKAN_UNAMBIGU_QA_PENDING,SRC-001,Document 547 Galloway.md,"Isi verbatim tetap di workspace privat"
289,TERPETAKAN_UNAMBIGU_QA_PENDING,SRC-001,Document 547 Galloway.md,"Isi verbatim tetap di workspace privat"
290,TERPETAKAN_UNAMBIGU_QA_PENDING,SRC-001,Document 547 Galloway.md,"Isi verbatim tetap di workspace privat"
291,TERPETAKAN_UNAMBIGU_QA_PENDING,SRC-001,Document 547 Galloway.md,"Isi verbatim tetap di workspace privat"
292,TERPETAKAN_UNAMBIGU_QA_PENDING,SRC-001,Document 547 Galloway.md,"Isi verbatim tetap di workspace privat"
293,TERPETAKAN_UNAMBIGU_QA_PENDING,SRC-001,Document 547 Galloway.md,"Isi verbatim tetap di workspace privat"
294,TERPETAKAN_UNAMBIGU_QA_PENDING,SRC-001,Document 547 Galloway.md,"Isi verbatim tetap di workspace privat"
295,TERPETAKAN_UNAMBIGU_QA_PENDING,SRC-001,Document 547 Galloway.md,"Isi verbatim tetap di workspace privat"
296,TERPETAKAN_UNAMBIGU_QA_PENDING,SRC-001,Document 547 Galloway.md,"Isi verbatim tetap di workspace privat"
297,TERPETAKAN_UNAMBIGU_QA_PENDING,SRC-001,Document 547 Galloway.md,"Isi verbatim tetap di workspace privat"
298,TERPETAKAN_UNAMBIGU_QA_PENDING,SRC-001,Document 547 Galloway.md,"Isi verbatim tetap di workspace privat"
299,TERPETAKAN_UNAMBIGU_QA_PENDING,SRC-001,Document 547 Galloway.md,"Isi verbatim tetap di workspace privat"
300,TERPETAKAN_UNAMBIGU_QA_PENDING,SRC-001,Document 547 Galloway.md,"Isi verbatim tetap di workspace privat"
301,TERPETAKAN_UNAMBIGU_QA_PENDING,SRC-001,Document 547 Galloway.md,"Isi verbatim tetap di workspace privat"
302,TERPETAKAN_UNAMBIGU_QA_PENDING,SRC-001,Document 547 Galloway.md,"Isi verbatim tetap di workspace privat"
303,TERPETAKAN_UNAMBIGU_QA_PENDING,SRC-001,Document 547 Galloway.md,"Isi verbatim tetap di workspace privat"
304,TERPETAKAN_UNAMBIGU_QA_PENDING,SRC-001,Document 547 Galloway.md,"Isi verbatim tetap di workspace privat"
305,TERPETAKAN_UNAMBIGU_QA_PENDING,SRC-001,Document 547 Galloway.md,"Isi verbatim tetap di workspace privat"
306,TERPETAKAN_UNAMBIGU_QA_PENDING,SRC-001,Document 547 Galloway.md,"Isi verbatim tetap di workspace privat"
307,TERPETAKAN_UNAMBIGU_QA_PENDING,SRC-001,Document 547 Galloway.md,"Isi verbatim tetap di workspace privat"
308,TERPETAKAN_UNAMBIGU_QA_PENDING,SRC-001,Document 547 Galloway.md,"Isi verbatim tetap di workspace privat"
309,TERPETAKAN_UNAMBIGU_QA_PENDING,SRC-001,Document 547 Galloway.md,"Isi verbatim tetap di workspace privat"
310,TERPETAKAN_UNAMBIGU_QA_PENDING,SRC-001,Document 547 Galloway.md,"Isi verbatim tetap di workspace privat"
311,TERPETAKAN_UNAMBIGU_QA_PENDING,SRC-001,Document 547 Galloway.md,"Isi verbatim tetap di workspace privat"
312,TERPETAKAN_UNAMBIGU_QA_PENDING,SRC-001,Document 547 Galloway.md,"Isi verbatim tetap di workspace privat"
313,TERPETAKAN_UNAMBIGU_QA_PENDING,SRC-001,Document 547 Galloway.md,"Isi verbatim tetap di workspace privat"
314,TERPETAKAN_UNAMBIGU_QA_PENDING,SRC-001,Document 547 Galloway.md,"Isi verbatim tetap di workspace privat"
315,TERPETAKAN_UNAMBIGU_QA_PENDING,SRC-001,Document 547 Galloway.md,"Isi verbatim tetap di workspace privat"
316,TERPETAKAN_UNAMBIGU_QA_PENDING,SRC-001,Document 547 Galloway.md,"Isi verbatim tetap di workspace privat"
317,TERPETAKAN_UNAMBIGU_QA_PENDING,SRC-001,Document 547 Galloway.md,"Isi verbatim tetap di workspace privat"
318,TERPETAKAN_UNAMBIGU_QA_PENDING,SRC-001,Document 547 Galloway.md,"Isi verbatim tetap di workspace privat"
319,TERPETAKAN_UNAMBIGU_QA_PENDING,SRC-001,Document 547 Galloway.md,"Isi verbatim tetap di workspace privat"
320,TERPETAKAN_UNAMBIGU_QA_PENDING,SRC-001,Document 547 Galloway.md,"Isi verbatim tetap di workspace privat"
321,TERPETAKAN_UNAMBIGU_QA_PENDING,SRC-001,Document 547 Galloway.md,"Isi verbatim tetap di workspace privat"
322,TERPETAKAN_UNAMBIGU_QA_PENDING,SRC-001,Document 547 Galloway.md,"Isi verbatim tetap di workspace privat"
323,TERPETAKAN_UNAMBIGU_QA_PENDING,SRC-001,Document 547 Galloway.md,"Isi verbatim tetap di workspace privat"
324,TERPETAKAN_UNAMBIGU_QA_PENDING,SRC-001,Document 547 Galloway.md,"Isi verbatim tetap di workspace privat"
325,TERPETAKAN_UNAMBIGU_QA_PENDING,SRC-001,Document 547 Galloway.md,"Isi verbatim tetap di workspace privat"
326,TERPETAKAN_UNAMBIGU_QA_PENDING,SRC-001,Document 547 Galloway.md,"Isi verbatim tetap di workspace privat"
327,TERPETAKAN_UNAMBIGU_QA_PENDING,SRC-001,Document 547 Galloway.md,"Isi verbatim tetap di workspace privat"
328,TERPETAKAN_UNAMBIGU_QA_PENDING,SRC-001,Document 547 Galloway.md,"Isi verbatim tetap di workspace privat"
329,TERPETAKAN_UNAMBIGU_QA_PENDING,SRC-001,Document 547 Galloway.md,"Isi verbatim tetap di workspace privat"
330,TERPETAKAN_UNAMBIGU_QA_PENDING,SRC-001,Document 547 Galloway.md,"Isi verbatim tetap di workspace privat"
331,TERPETAKAN_UNAMBIGU_QA_PENDING,SRC-001,Document 547 Galloway.md,"Isi verbatim tetap di workspace privat"
332,TERPETAKAN_UNAMBIGU_QA_PENDING,SRC-001,Document 547 Galloway.md,"Isi verbatim tetap di workspace privat"
333,TERPETAKAN_UNAMBIGU_QA_PENDING,SRC-001,Document 547 Galloway.md,"Isi verbatim tetap di workspace privat"
334,TERPETAKAN_UNAMBIGU_QA_PENDING,SRC-001,Document 547 Galloway.md,"Isi verbatim tetap di workspace privat"
335,TERPETAKAN_UNAMBIGU_QA_PENDING,SRC-001,Document 547 Galloway.md,"Isi verbatim tetap di workspace privat"
336,TERPETAKAN_UNAMBIGU_QA_PENDING,SRC-001,Document 547 Galloway.md,"Isi verbatim tetap di workspace privat"
337,TERPETAKAN_UNAMBIGU_QA_PENDING,SRC-001,Document 547 Galloway.md,"Isi verbatim tetap di workspace privat"
338,TERPETAKAN_UNAMBIGU_QA_PENDING,SRC-001,Document 547 Galloway.md,"Isi verbatim tetap di workspace privat"
339,TERPETAKAN_UNAMBIGU_QA_PENDING,SRC-001,Document 547 Galloway.md,"Isi verbatim tetap di workspace privat"
340,TERPETAKAN_UNAMBIGU_QA_PENDING,SRC-001,Document 547 Galloway.md,"Isi verbatim tetap di workspace privat"
341,TERPETAKAN_UNAMBIGU_QA_PENDING,SRC-001,Document 547 Galloway.md,"Isi verbatim tetap di workspace privat"
342,TERPETAKAN_UNAMBIGU_QA_PENDING,SRC-001,Document 547 Galloway.md,"Isi verbatim tetap di workspace privat"
343,TERPETAKAN_UNAMBIGU_QA_PENDING,SRC-001,Document 547 Galloway.md,"Isi verbatim tetap di workspace privat"
344,TERPETAKAN_UNAMBIGU_QA_PENDING,SRC-001,Document 547 Galloway.md,"Isi verbatim tetap di workspace privat"
345,TERPETAKAN_UNAMBIGU_QA_PENDING,SRC-001,Document 547 Galloway.md,"Isi verbatim tetap di workspace privat"
346,TERPETAKAN_UNAMBIGU_QA_PENDING,SRC-001,Document 547 Galloway.md,"Isi verbatim tetap di workspace privat"
347,TERPETAKAN_UNAMBIGU_QA_PENDING,SRC-001,Document 547 Galloway.md,"Isi verbatim tetap di workspace privat"
348,TERPETAKAN_UNAMBIGU_QA_PENDING,SRC-001,Document 547 Galloway.md,"Isi verbatim tetap di workspace privat"
349,TERPETAKAN_UNAMBIGU_QA_PENDING,SRC-001,Document 547 Galloway.md,"Isi verbatim tetap di workspace privat"
350,TERPETAKAN_UNAMBIGU_QA_PENDING,SRC-001,Document 547 Galloway.md,"Isi verbatim tetap di workspace privat"
351,TERPETAKAN_UNAMBIGU_QA_PENDING,SRC-001,Document 547 Galloway.md,"Isi verbatim tetap di workspace privat"
352,TERPETAKAN_UNAMBIGU_QA_PENDING,SRC-001,Document 547 Galloway.md,"Isi verbatim tetap di workspace privat"
353,TERPETAKAN_UNAMBIGU_QA_PENDING,SRC-001,Document 547 Galloway.md,"Isi verbatim tetap di workspace privat"
354,TERPETAKAN_UNAMBIGU_QA_PENDING,SRC-001,Document 547 Galloway.md,"Isi verbatim tetap di workspace privat"
355,TERPETAKAN_UNAMBIGU_QA_PENDING,SRC-001,Document 547 Galloway.md,"Isi verbatim tetap di workspace privat"
356,TERPETAKAN_UNAMBIGU_QA_PENDING,SRC-001,Document 547 Galloway.md,"Isi verbatim tetap di workspace privat"
357,TERPETAKAN_UNAMBIGU_QA_PENDING,SRC-001,Document 547 Galloway.md,"Isi verbatim tetap di workspace privat"
358,TERPETAKAN_UNAMBIGU_QA_PENDING,SRC-001,Document 547 Galloway.md,"Isi verbatim tetap di workspace privat"
359,TERPETAKAN_UNAMBIGU_QA_PENDING,SRC-001,Document 547 Galloway.md,"Isi verbatim tetap di workspace privat"
360,TERPETAKAN_UNAMBIGU_QA_PENDING,SRC-001,Document 547 Galloway.md,"Isi verbatim tetap di workspace privat"
361,TERPETAKAN_UNAMBIGU_QA_PENDING,SRC-001,Document 547 Galloway.md,"Isi verbatim tetap di workspace privat"
362,TERPETAKAN_UNAMBIGU_QA_PENDING,SRC-001,Document 547 Galloway.md,"Isi verbatim tetap di workspace privat"
363,TERPETAKAN_UNAMBIGU_QA_PENDING,SRC-001,Document 547 Galloway.md,"Isi verbatim tetap di workspace privat"
364,TERPETAKAN_UNAMBIGU_QA_PENDING,SRC-001,Document 547 Galloway.md,"Isi verbatim tetap di workspace privat"
365,TERPETAKAN_UNAMBIGU_QA_PENDING,SRC-001,Document 547 Galloway.md,"Isi verbatim tetap di workspace privat"
366,TERPETAKAN_UNAMBIGU_QA_PENDING,SRC-001,Document 547 Galloway.md,"Isi verbatim tetap di workspace privat"
367,TERPETAKAN_UNAMBIGU_QA_PENDING,SRC-001,Document 547 Galloway.md,"Isi verbatim tetap di workspace privat"
368,TERPETAKAN_UNAMBIGU_QA_PENDING,SRC-001,Document 547 Galloway.md,"Isi verbatim tetap di workspace privat"
369,TERPETAKAN_UNAMBIGU_QA_PENDING,SRC-001,Document 547 Galloway.md,"Isi verbatim tetap di workspace privat"
370,TERPETAKAN_UNAMBIGU_QA_PENDING,SRC-001,Document 547 Galloway.md,"Isi verbatim tetap di workspace privat"
371,TERPETAKAN_UNAMBIGU_QA_PENDING,SRC-001,Document 547 Galloway.md,"Isi verbatim tetap di workspace privat"
372,TERPETAKAN_UNAMBIGU_QA_PENDING,SRC-001,Document 547 Galloway.md,"Isi verbatim tetap di workspace privat"
373,TERPETAKAN_UNAMBIGU_QA_PENDING,SRC-001,Document 547 Galloway.md,"Isi verbatim tetap di workspace privat"
374,TERPETAKAN_UNAMBIGU_QA_PENDING,SRC-001,Document 547 Galloway.md,"Isi verbatim tetap di workspace privat"
375,TERPETAKAN_UNAMBIGU_QA_PENDING,SRC-001,Document 547 Galloway.md,"Isi verbatim tetap di workspace privat"
376,TERPETAKAN_UNAMBIGU_QA_PENDING,SRC-001,Document 547 Galloway.md,"Isi verbatim tetap di workspace privat"
377,TERPETAKAN_UNAMBIGU_QA_PENDING,SRC-001,Document 547 Galloway.md,"Isi verbatim tetap di workspace privat"
378,TERPETAKAN_UNAMBIGU_QA_PENDING,SRC-001,Document 547 Galloway.md,"Isi verbatim tetap di workspace privat"
379,TERPETAKAN_UNAMBIGU_QA_PENDING,SRC-001,Document 547 Galloway.md,"Isi verbatim tetap di workspace privat"
380,TERPETAKAN_UNAMBIGU_QA_PENDING,SRC-001,Document 547 Galloway.md,"Isi verbatim tetap di workspace privat"
381,TERPETAKAN_UNAMBIGU_QA_PENDING,SRC-001,Document 547 Galloway.md,"Isi verbatim tetap di workspace privat"
382,TERPETAKAN_UNAMBIGU_QA_PENDING,SRC-001,Document 547 Galloway.md,"Isi verbatim tetap di workspace privat"
383,TERPETAKAN_UNAMBIGU_QA_PENDING,SRC-001,Document 547 Galloway.md,"Isi verbatim tetap di workspace privat"
384,TERPETAKAN_UNAMBIGU_QA_PENDING,SRC-001,Document 547 Galloway.md,"Isi verbatim tetap di workspace privat"
385,TERPETAKAN_UNAMBIGU_QA_PENDING,SRC-001,Document 547 Galloway.md,"Isi verbatim tetap di workspace privat"
386,TERPETAKAN_UNAMBIGU_QA_PENDING,SRC-001,Document 547 Galloway.md,"Isi verbatim tetap di workspace privat"
387,TERPETAKAN_UNAMBIGU_QA_PENDING,SRC-001,Document 547 Galloway.md,"Isi verbatim tetap di workspace privat"
388,TERPETAKAN_UNAMBIGU_QA_PENDING,SRC-001,Document 547 Galloway.md,"Isi verbatim tetap di workspace privat"
389,TERPETAKAN_UNAMBIGU_QA_PENDING,SRC-001,Document 547 Galloway.md,"Isi verbatim tetap di workspace privat"
390,TERPETAKAN_UNAMBIGU_QA_PENDING,SRC-001,Document 547 Galloway.md,"Isi verbatim tetap di workspace privat"
391,TERPETAKAN_UNAMBIGU_QA_PENDING,SRC-001,Document 547 Galloway.md,"Isi verbatim tetap di workspace privat"
392,TERPETAKAN_UNAMBIGU_QA_PENDING,SRC-001,Document 547 Galloway.md,"Isi verbatim tetap di workspace privat"
393,TERPETAKAN_UNAMBIGU_QA_PENDING,SRC-001,Document 547 Galloway.md,"Isi verbatim tetap di workspace privat"
394,TERPETAKAN_UNAMBIGU_QA_PENDING,SRC-001,Document 547 Galloway.md,"Isi verbatim tetap di workspace privat"
395,TERPETAKAN_UNAMBIGU_QA_PENDING,SRC-001,Document 547 Galloway.md,"Isi verbatim tetap di workspace privat"
396,TERPETAKAN_UNAMBIGU_QA_PENDING,SRC-001,Document 547 Galloway.md,"Isi verbatim tetap di workspace privat"
397,TERPETAKAN_UNAMBIGU_QA_PENDING,SRC-001,Document 547 Galloway.md,"Isi verbatim tetap di workspace privat"
398,TERPETAKAN_UNAMBIGU_QA_PENDING,SRC-001,Document 547 Galloway.md,"Isi verbatim tetap di workspace privat"
399,TERPETAKAN_UNAMBIGU_QA_PENDING,SRC-001,Document 547 Galloway.md,"Isi verbatim tetap di workspace privat"
400,TERPETAKAN_UNAMBIGU_QA_PENDING,SRC-001,Document 547 Galloway.md,"Isi verbatim tetap di workspace privat"
401,TERPETAKAN_UNAMBIGU_QA_PENDING,SRC-001,Document 547 Galloway.md,"Isi verbatim tetap di workspace privat"
402,TERPETAKAN_UNAMBIGU_QA_PENDING,SRC-001,Document 547 Galloway.md,"Isi verbatim tetap di workspace privat"
403,TERPETAKAN_UNAMBIGU_QA_PENDING,SRC-001,Document 547 Galloway.md,"Isi verbatim tetap di workspace privat"
404,TERPETAKAN_UNAMBIGU_QA_PENDING,SRC-001,Document 547 Galloway.md,"Isi verbatim tetap di workspace privat"
405,TERPETAKAN_UNAMBIGU_QA_PENDING,SRC-001,Document 547 Galloway.md,"Isi verbatim tetap di workspace privat"
406,TERPETAKAN_UNAMBIGU_QA_PENDING,SRC-001,Document 547 Galloway.md,"Isi verbatim tetap di workspace privat"
407,TERPETAKAN_UNAMBIGU_QA_PENDING,SRC-001,Document 547 Galloway.md,"Isi verbatim tetap di workspace privat"
408,TERPETAKAN_UNAMBIGU_QA_PENDING,SRC-001,Document 547 Galloway.md,"Isi verbatim tetap di workspace privat"
409,TERPETAKAN_UNAMBIGU_QA_PENDING,SRC-001,Document 547 Galloway.md,"Isi verbatim tetap di workspace privat"
410,TERPETAKAN_UNAMBIGU_QA_PENDING,SRC-001,Document 547 Galloway.md,"Isi verbatim tetap di workspace privat"
411,TERPETAKAN_UNAMBIGU_QA_PENDING,SRC-001,Document 547 Galloway.md,"Isi verbatim tetap di workspace privat"
412,TERPETAKAN_UNAMBIGU_QA_PENDING,SRC-001,Document 547 Galloway.md,"Isi verbatim tetap di workspace privat"
413,TERPETAKAN_UNAMBIGU_QA_PENDING,SRC-001,Document 547 Galloway.md,"Isi verbatim tetap di workspace privat"
414,TERPETAKAN_UNAMBIGU_QA_PENDING,SRC-001,Document 547 Galloway.md,"Isi verbatim tetap di workspace privat"
415,TERPETAKAN_UNAMBIGU_QA_PENDING,SRC-001,Document 547 Galloway.md,"Isi verbatim tetap di workspace privat"
416,TERPETAKAN_UNAMBIGU_QA_PENDING,SRC-001,Document 547 Galloway.md,"Isi verbatim tetap di workspace privat"
417,TERPETAKAN_UNAMBIGU_QA_PENDING,SRC-001,Document 547 Galloway.md,"Isi verbatim tetap di workspace privat"
418,TERPETAKAN_UNAMBIGU_QA_PENDING,SRC-001,Document 547 Galloway.md,"Isi verbatim tetap di workspace privat"
419,TERPETAKAN_UNAMBIGU_QA_PENDING,SRC-001,Document 547 Galloway.md,"Isi verbatim tetap di workspace privat"
420,TERPETAKAN_UNAMBIGU_QA_PENDING,SRC-001,Document 547 Galloway.md,"Isi verbatim tetap di workspace privat"
421,TERPETAKAN_UNAMBIGU_QA_PENDING,SRC-001,Document 547 Galloway.md,"Isi verbatim tetap di workspace privat"
422,TERPETAKAN_UNAMBIGU_QA_PENDING,SRC-001,Document 547 Galloway.md,"Isi verbatim tetap di workspace privat"
423,TERPETAKAN_UNAMBIGU_QA_PENDING,SRC-001,Document 547 Galloway.md,"Isi verbatim tetap di workspace privat"
424,TERPETAKAN_UNAMBIGU_QA_PENDING,SRC-001,Document 547 Galloway.md,"Isi verbatim tetap di workspace privat"
425,TERPETAKAN_UNAMBIGU_QA_PENDING,SRC-001,Document 547 Galloway.md,"Isi verbatim tetap di workspace privat"
426,TERPETAKAN_UNAMBIGU_QA_PENDING,SRC-001,Document 547 Galloway.md,"Isi verbatim tetap di workspace privat"
427,TERPETAKAN_UNAMBIGU_QA_PENDING,SRC-001,Document 547 Galloway.md,"Isi verbatim tetap di workspace privat"
428,TERPETAKAN_UNAMBIGU_QA_PENDING,SRC-001,Document 547 Galloway.md,"Isi verbatim tetap di workspace privat"
429,TERPETAKAN_UNAMBIGU_QA_PENDING,SRC-001,Document 547 Galloway.md,"Isi verbatim tetap di workspace privat"
430,TERPETAKAN_UNAMBIGU_QA_PENDING,SRC-001,Document 547 Galloway.md,"Isi verbatim tetap di workspace privat"
431,TERPETAKAN_UNAMBIGU_QA_PENDING,SRC-001,Document 547 Galloway.md,"Isi verbatim tetap di workspace privat"
432,TERPETAKAN_UNAMBIGU_QA_PENDING,SRC-001,Document 547 Galloway.md,"Isi verbatim tetap di workspace privat"
433,TERPETAKAN_UNAMBIGU_QA_PENDING,SRC-001,Document 547 Galloway.md,"Isi verbatim tetap di workspace privat"
434,TERPETAKAN_UNAMBIGU_QA_PENDING,SRC-001,Document 547 Galloway.md,"Isi verbatim tetap di workspace privat"
435,TERPETAKAN_UNAMBIGU_QA_PENDING,SRC-001,Document 547 Galloway.md,"Isi verbatim tetap di workspace privat"
436,TERPETAKAN_UNAMBIGU_QA_PENDING,SRC-001,Document 547 Galloway.md,"Isi verbatim tetap di workspace privat"
437,TERPETAKAN_UNAMBIGU_QA_PENDING,SRC-001,Document 547 Galloway.md,"Isi verbatim tetap di workspace privat"
438,TERPETAKAN_UNAMBIGU_QA_PENDING,SRC-001,Document 547 Galloway.md,"Isi verbatim tetap di workspace privat"
439,TERPETAKAN_UNAMBIGU_QA_PENDING,SRC-001,Document 547 Galloway.md,"Isi verbatim tetap di workspace privat"
440,TERPETAKAN_UNAMBIGU_QA_PENDING,SRC-001,Document 547 Galloway.md,"Isi verbatim tetap di workspace privat"
441,TERPETAKAN_UNAMBIGU_QA_PENDING,SRC-001,Document 547 Galloway.md,"Isi verbatim tetap di workspace privat"
442,TERPETAKAN_UNAMBIGU_QA_PENDING,SRC-001,Document 547 Galloway.md,"Isi verbatim tetap di workspace privat"
443,TERPETAKAN_UNAMBIGU_QA_PENDING,SRC-001,Document 547 Galloway.md,"Isi verbatim tetap di workspace privat"
444,TERPETAKAN_UNAMBIGU_QA_PENDING,SRC-001,Document 547 Galloway.md,"Isi verbatim tetap di workspace privat"
445,TERPETAKAN_UNAMBIGU_QA_PENDING,SRC-001,Document 547 Galloway.md,"Isi verbatim tetap di workspace privat"
446,TERPETAKAN_UNAMBIGU_QA_PENDING,SRC-001,Document 547 Galloway.md,"Isi verbatim tetap di workspace privat"
447,TERPETAKAN_UNAMBIGU_QA_PENDING,SRC-001,Document 547 Galloway.md,"Isi verbatim tetap di workspace privat"
448,TERPETAKAN_UNAMBIGU_QA_PENDING,SRC-001,Document 547 Galloway.md,"Isi verbatim tetap di workspace privat"
449,TERPETAKAN_UNAMBIGU_QA_PENDING,SRC-001,Document 547 Galloway.md,"Isi verbatim tetap di workspace privat"
450,TERPETAKAN_UNAMBIGU_QA_PENDING,SRC-001,Document 547 Galloway.md,"Isi verbatim tetap di workspace privat"
451,TERPETAKAN_UNAMBIGU_QA_PENDING,SRC-001,Document 547 Galloway.md,"Isi verbatim tetap di workspace privat"
452,TERPETAKAN_UNAMBIGU_QA_PENDING,SRC-001,Document 547 Galloway.md,"Isi verbatim tetap di workspace privat"
453,TERPETAKAN_UNAMBIGU_QA_PENDING,SRC-001,Document 547 Galloway.md,"Isi verbatim tetap di workspace privat"
454,TERPETAKAN_UNAMBIGU_QA_PENDING,SRC-001,Document 547 Galloway.md,"Isi verbatim tetap di workspace privat"
455,TERPETAKAN_UNAMBIGU_QA_PENDING,SRC-001,Document 547 Galloway.md,"Isi verbatim tetap di workspace privat"
456,TERPETAKAN_UNAMBIGU_QA_PENDING,SRC-001,Document 547 Galloway.md,"Isi verbatim tetap di workspace privat"
457,TERPETAKAN_UNAMBIGU_QA_PENDING,SRC-001,Document 547 Galloway.md,"Isi verbatim tetap di workspace privat"
458,TERPETAKAN_UNAMBIGU_QA_PENDING,SRC-001,Document 547 Galloway.md,"Isi verbatim tetap di workspace privat"
459,TERPETAKAN_UNAMBIGU_QA_PENDING,SRC-001,Document 547 Galloway.md,"Isi verbatim tetap di workspace privat"
460,TERPETAKAN_UNAMBIGU_QA_PENDING,SRC-001,Document 547 Galloway.md,"Isi verbatim tetap di workspace privat"
461,TERPETAKAN_UNAMBIGU_QA_PENDING,SRC-001,Document 547 Galloway.md,"Isi verbatim tetap di workspace privat"
462,TERPETAKAN_UNAMBIGU_QA_PENDING,SRC-001,Document 547 Galloway.md,"Isi verbatim tetap di workspace privat"
463,TERPETAKAN_UNAMBIGU_QA_PENDING,SRC-001,Document 547 Galloway.md,"Isi verbatim tetap di workspace privat"
464,TERPETAKAN_UNAMBIGU_QA_PENDING,SRC-001,Document 547 Galloway.md,"Isi verbatim tetap di workspace privat"
465,TERPETAKAN_UNAMBIGU_QA_PENDING,SRC-001,Document 547 Galloway.md,"Isi verbatim tetap di workspace privat"
466,TERPETAKAN_UNAMBIGU_QA_PENDING,SRC-001,Document 547 Galloway.md,"Isi verbatim tetap di workspace privat"
467,TERPETAKAN_UNAMBIGU_QA_PENDING,SRC-001,Document 547 Galloway.md,"Isi verbatim tetap di workspace privat"
468,TERPETAKAN_UNAMBIGU_QA_PENDING,SRC-001,Document 547 Galloway.md,"Isi verbatim tetap di workspace privat"
469,TERPETAKAN_UNAMBIGU_QA_PENDING,SRC-001,Document 547 Galloway.md,"Isi verbatim tetap di workspace privat"
470,TERPETAKAN_UNAMBIGU_QA_PENDING,SRC-001,Document 547 Galloway.md,"Isi verbatim tetap di workspace privat"
471,TERPETAKAN_UNAMBIGU_QA_PENDING,SRC-001,Document 547 Galloway.md,"Isi verbatim tetap di workspace privat"
472,TERPETAKAN_UNAMBIGU_QA_PENDING,SRC-001,Document 547 Galloway.md,"Isi verbatim tetap di workspace privat"
473,TERPETAKAN_UNAMBIGU_QA_PENDING,SRC-001,Document 547 Galloway.md,"Isi verbatim tetap di workspace privat"
474,TERPETAKAN_UNAMBIGU_QA_PENDING,SRC-001,Document 547 Galloway.md,"Isi verbatim tetap di workspace privat"
475,TERPETAKAN_UNAMBIGU_QA_PENDING,SRC-001,Document 547 Galloway.md,"Isi verbatim tetap di workspace privat"
476,TERPETAKAN_UNAMBIGU_QA_PENDING,SRC-001,Document 547 Galloway.md,"Isi verbatim tetap di workspace privat"
477,TERPETAKAN_UNAMBIGU_QA_PENDING,SRC-001,Document 547 Galloway.md,"Isi verbatim tetap di workspace privat"
478,TERPETAKAN_UNAMBIGU_QA_PENDING,SRC-001,Document 547 Galloway.md,"Isi verbatim tetap di workspace privat"
479,TERPETAKAN_UNAMBIGU_QA_PENDING,SRC-001,Document 547 Galloway.md,"Isi verbatim tetap di workspace privat"
480,TERPETAKAN_UNAMBIGU_QA_PENDING,SRC-001,Document 547 Galloway.md,"Isi verbatim tetap di workspace privat"
481,TERPETAKAN_UNAMBIGU_QA_PENDING,SRC-001,Document 547 Galloway.md,"Isi verbatim tetap di workspace privat"
482,TERPETAKAN_UNAMBIGU_QA_PENDING,SRC-001,Document 547 Galloway.md,"Isi verbatim tetap di workspace privat"
483,TERPETAKAN_UNAMBIGU_QA_PENDING,SRC-001,Document 547 Galloway.md,"Isi verbatim tetap di workspace privat"
484,TERPETAKAN_UNAMBIGU_QA_PENDING,SRC-001,Document 547 Galloway.md,"Isi verbatim tetap di workspace privat"
485,TERPETAKAN_UNAMBIGU_QA_PENDING,SRC-001,Document 547 Galloway.md,"Isi verbatim tetap di workspace privat"
486,TERPETAKAN_UNAMBIGU_QA_PENDING,SRC-001,Document 547 Galloway.md,"Isi verbatim tetap di workspace privat"
487,TERPETAKAN_UNAMBIGU_QA_PENDING,SRC-001,Document 547 Galloway.md,"Isi verbatim tetap di workspace privat"
488,TERPETAKAN_UNAMBIGU_QA_PENDING,SRC-001,Document 547 Galloway.md,"Isi verbatim tetap di workspace privat"
489,TERPETAKAN_UNAMBIGU_QA_PENDING,SRC-001,Document 547 Galloway.md,"Isi verbatim tetap di workspace privat"
490,TERPETAKAN_UNAMBIGU_QA_PENDING,SRC-001,Document 547 Galloway.md,"Isi verbatim tetap di workspace privat"
491,TERPETAKAN_UNAMBIGU_QA_PENDING,SRC-001,Document 547 Galloway.md,"Isi verbatim tetap di workspace privat"
492,TERPETAKAN_UNAMBIGU_QA_PENDING,SRC-001,Document 547 Galloway.md,"Isi verbatim tetap di workspace privat"
493,TERPETAKAN_UNAMBIGU_QA_PENDING,SRC-001,Document 547 Galloway.md,"Isi verbatim tetap di workspace privat"
494,TERPETAKAN_UNAMBIGU_QA_PENDING,SRC-001,Document 547 Galloway.md,"Isi verbatim tetap di workspace privat"
495,TERPETAKAN_UNAMBIGU_QA_PENDING,SRC-001,Document 547 Galloway.md,"Isi verbatim tetap di workspace privat"
496,TERPETAKAN_UNAMBIGU_QA_PENDING,SRC-001,Document 547 Galloway.md,"Isi verbatim tetap di workspace privat"
497,TERPETAKAN_UNAMBIGU_QA_PENDING,SRC-001,Document 547 Galloway.md,"Isi verbatim tetap di workspace privat"
498,TERPETAKAN_UNAMBIGU_QA_PENDING,SRC-001,Document 547 Galloway.md,"Isi verbatim tetap di workspace privat"
499,TERPETAKAN_UNAMBIGU_QA_PENDING,SRC-001,Document 547 Galloway.md,"Isi verbatim tetap di workspace privat"
500,TERPETAKAN_UNAMBIGU_QA_PENDING,SRC-001,Document 547 Galloway.md,"Isi verbatim tetap di workspace privat"
501,TERPETAKAN_UNAMBIGU_QA_PENDING,SRC-001,Document 547 Galloway.md,"Isi verbatim tetap di workspace privat"
502,TERPETAKAN_UNAMBIGU_QA_PENDING,SRC-001,Document 547 Galloway.md,"Isi verbatim tetap di workspace privat"
503,TERPETAKAN_UNAMBIGU_QA_PENDING,SRC-001,Document 547 Galloway.md,"Isi verbatim tetap di workspace privat"
504,TERPETAKAN_UNAMBIGU_QA_PENDING,SRC-001,Document 547 Galloway.md,"Isi verbatim tetap di workspace privat"
505,TERPETAKAN_UNAMBIGU_QA_PENDING,SRC-001,Document 547 Galloway.md,"Isi verbatim tetap di workspace privat"
506,TERPETAKAN_UNAMBIGU_QA_PENDING,SRC-001,Document 547 Galloway.md,"Isi verbatim tetap di workspace privat"
507,TERPETAKAN_UNAMBIGU_QA_PENDING,SRC-001,Document 547 Galloway.md,"Isi verbatim tetap di workspace privat"
508,TERPETAKAN_UNAMBIGU_QA_PENDING,SRC-001,Document 547 Galloway.md,"Isi verbatim tetap di workspace privat"
509,TERPETAKAN_UNAMBIGU_QA_PENDING,SRC-001,Document 547 Galloway.md,"Isi verbatim tetap di workspace privat"
510,TERPETAKAN_UNAMBIGU_QA_PENDING,SRC-001,Document 547 Galloway.md,"Isi verbatim tetap di workspace privat"
511,TERPETAKAN_RESOLUSI_TYPO_QA_PENDING,SRC-001,Document 547 Galloway.md,"Sumber mencetak 511-5521; working resolution 511-521; isi verbatim tetap privat"
512,TERPETAKAN_RESOLUSI_TYPO_QA_PENDING,SRC-001,Document 547 Galloway.md,"Sumber mencetak 511-5521; working resolution 511-521; isi verbatim tetap privat"
513,TERPETAKAN_RESOLUSI_TYPO_QA_PENDING,SRC-001,Document 547 Galloway.md,"Sumber mencetak 511-5521; working resolution 511-521; isi verbatim tetap privat"
514,TERPETAKAN_RESOLUSI_TYPO_QA_PENDING,SRC-001,Document 547 Galloway.md,"Sumber mencetak 511-5521; working resolution 511-521; isi verbatim tetap privat"
515,TERPETAKAN_RESOLUSI_TYPO_QA_PENDING,SRC-001,Document 547 Galloway.md,"Sumber mencetak 511-5521; working resolution 511-521; isi verbatim tetap privat"
516,TERPETAKAN_RESOLUSI_TYPO_QA_PENDING,SRC-001,Document 547 Galloway.md,"Sumber mencetak 511-5521; working resolution 511-521; isi verbatim tetap privat"
517,TERPETAKAN_RESOLUSI_TYPO_QA_PENDING,SRC-001,Document 547 Galloway.md,"Sumber mencetak 511-5521; working resolution 511-521; isi verbatim tetap privat"
518,TERPETAKAN_RESOLUSI_TYPO_QA_PENDING,SRC-001,Document 547 Galloway.md,"Sumber mencetak 511-5521; working resolution 511-521; isi verbatim tetap privat"
519,TERPETAKAN_RESOLUSI_TYPO_QA_PENDING,SRC-001,Document 547 Galloway.md,"Sumber mencetak 511-5521; working resolution 511-521; isi verbatim tetap privat"
520,TERPETAKAN_RESOLUSI_TYPO_QA_PENDING,SRC-001,Document 547 Galloway.md,"Sumber mencetak 511-5521; working resolution 511-521; isi verbatim tetap privat"
521,TERPETAKAN_RESOLUSI_TYPO_QA_PENDING,SRC-001,Document 547 Galloway.md,"Sumber mencetak 511-5521; working resolution 511-521; isi verbatim tetap privat"
522,TERPETAKAN_UNAMBIGU_QA_PENDING,SRC-001,Document 547 Galloway.md,"Isi verbatim tetap di workspace privat"
523,TERPETAKAN_UNAMBIGU_QA_PENDING,SRC-001,Document 547 Galloway.md,"Isi verbatim tetap di workspace privat"
524,TERPETAKAN_UNAMBIGU_QA_PENDING,SRC-001,Document 547 Galloway.md,"Isi verbatim tetap di workspace privat"
525,TERPETAKAN_UNAMBIGU_QA_PENDING,SRC-001,Document 547 Galloway.md,"Isi verbatim tetap di workspace privat"
526,TERPETAKAN_UNAMBIGU_QA_PENDING,SRC-001,Document 547 Galloway.md,"Isi verbatim tetap di workspace privat"
527,TERPETAKAN_UNAMBIGU_QA_PENDING,SRC-001,Document 547 Galloway.md,"Isi verbatim tetap di workspace privat"
528,TERPETAKAN_UNAMBIGU_QA_PENDING,SRC-001,Document 547 Galloway.md,"Isi verbatim tetap di workspace privat"
529,TERPETAKAN_UNAMBIGU_QA_PENDING,SRC-001,Document 547 Galloway.md,"Isi verbatim tetap di workspace privat"
530,TERPETAKAN_UNAMBIGU_QA_PENDING,SRC-001,Document 547 Galloway.md,"Isi verbatim tetap di workspace privat"
531,BELUM_TERPETAKAN,SRC-001,Document 547 Galloway.md,"AMBIGU_JUMLAH_PESAN"
532,BELUM_TERPETAKAN,SRC-001,Document 547 Galloway.md,"AMBIGU_JUMLAH_PESAN"
533,BELUM_TERPETAKAN,SRC-001,Document 547 Galloway.md,"AMBIGU_JUMLAH_PESAN"
534,BELUM_TERPETAKAN,SRC-001,Document 547 Galloway.md,"AMBIGU_JUMLAH_PESAN"
535,BELUM_TERPETAKAN,SRC-001,Document 547 Galloway.md,"AMBIGU_JUMLAH_PESAN"
536,BELUM_TERPETAKAN,SRC-001,Document 547 Galloway.md,"AMBIGU_JUMLAH_PESAN"
537,BELUM_TERPETAKAN,SRC-001,Document 547 Galloway.md,"AMBIGU_JUMLAH_PESAN"
538,BELUM_TERPETAKAN,SRC-001,Document 547 Galloway.md,"AMBIGU_JUMLAH_PESAN"
539,BELUM_TERPETAKAN,SRC-001,Document 547 Galloway.md,"AMBIGU_JUMLAH_PESAN"
540,BELUM_TERPETAKAN,SRC-001,Document 547 Galloway.md,"AMBIGU_JUMLAH_PESAN"
541,BELUM_TERPETAKAN,SRC-001,Document 547 Galloway.md,"AMBIGU_JUMLAH_PESAN"
542,TERPETAKAN_UNAMBIGU_QA_PENDING,SRC-001,Document 547 Galloway.md,"Isi verbatim tetap di workspace privat"
543,TERPETAKAN_UNAMBIGU_QA_PENDING,SRC-001,Document 547 Galloway.md,"Isi verbatim tetap di workspace privat"
